"","형상  														 REPO1","파일명","유형","라인 수","파일 크기(Byte)","파일CheckSum","코딩 규칙CheckSum","취약점CheckSum","보안성CheckSum","동적CheckSum","상태"
"","REPO1","\.gitattributes","신규","4","159","b5a8d646","미수행","미수행","비대상","미수행","불일치"
"","REPO1","\2015_C_x86_address\.STATICFILE","신규","54","1847","6580745e","미수행","미수행","비대상","미수행","불일치"
"","REPO1","\2015_C_x86_address\.vs\address_manager\v14\.suo","신규","22","32256","73a8c957","미수행","미수행","비대상","미수행","불일치"
"","REPO1","\2015_C_x86_address\.vs\address_manager\v15\.suo","신규","23","32768","b5377e44","미수행","미수행","비대상","미수행","불일치"
"","REPO1","\2015_C_x86_address\.vs\address_manager\v16\.suo","신규","17","37376","7ab70c38","미수행","미수행","비대상","미수행","불일치"
"","REPO1","\2015_C_x86_address\address_manager.sln","신규","20","787","fc6052dd","미수행","미수행","비대상","미수행","불일치"
"","REPO1","\2015_C_x86_address\address_manager.suo","신규","10","18432","86fd596b","미수행","미수행","비대상","미수행","불일치"
"","REPO1","\2015_C_x86_address\address_manager\address_manager.vcxproj","신규","56","2638","38bdf15e","미수행","미수행","비대상","미수행","불일치"
"","REPO1","\2015_C_x86_address\address_manager\address_manager.vcxproj.filters","신규","22","938","c85a5676","미수행","미수행","비대상","미수행","불일치"
"","REPO1","\2015_C_x86_address\address_manager\address_manager.vcxproj.user","신규","3","141","3d84b7bf","미수행","미수행","비대상","미수행","불일치"
"","REPO1","\2015_C_x86_address\address_manager\cvgc_601C65DA.obj","신규","79","4249","972c9700","미수행","미수행","비대상","미수행","불일치"
"","REPO1","\2015_C_x86_address\address_manager\cvgc_C94A2FC2.obj","신규","81","6842","25e67bc6","미수행","미수행","비대상","미수행","불일치"
"","REPO1","\2015_C_x86_address\address_manager\libcstm_601C65DA.obj","신규","103","120748","90d6ecc6","미수행","미수행","비대상","미수행","불일치"
"","REPO1","\2015_C_x86_address\address_manager\libcstm_C94A2FC2.obj","신규","115","121930","59beea86","미수행","미수행","비대상","미수행","불일치"
"","REPO1","\2015_C_x86_address\address_manager\manager.c","신규","168","3051","f9f435cb","미수행","미수행","비대상","미수행","불일치"
"","REPO1","\2015_C_x86_address\address_manager\Release\address_manager.Build.CppClean.log","신규","62","8294","3b6bce8b","미수행","미수행","비대상","미수행","불일치"
"","REPO1","\2015_C_x86_address\address_manager\Release\address_manager.log","신규","12","491","ae618be4","미수행","미수행","비대상","미수행","불일치"
"","REPO1","\2015_C_x86_address\address_manager\Release\address_manager.tlog\address_manager.lastbuildstate","신규","3","206","09ae8673","미수행","미수행","비대상","미수행","불일치"
"","REPO1","\2015_C_x86_address\address_manager\Release\address_manager.tlog\CL.21908-VCTIP.delete.1.tlog","신규","4","718","18f43d08","미수행","미수행","비대상","미수행","불일치"
"","REPO1","\2015_C_x86_address\address_manager\Release\address_manager.tlog\CL.21908-VCTIP.delete.7.tlog","신규","4","718","84b37d64","미수행","미수행","비대상","미수행","불일치"
"","REPO1","\2015_C_x86_address\address_manager\Release\address_manager.tlog\CL.21908-VCTIP.read.1.tlog","신규","53","12644","7d5295de","미수행","미수행","비대상","미수행","불일치"
"","REPO1","\2015_C_x86_address\address_manager\Release\address_manager.tlog\CL.21908-VCTIP.read.11.tlog","신규","10","2094","016f8bb6","미수행","미수행","비대상","미수행","불일치"
"","REPO1","\2015_C_x86_address\address_manager\Release\address_manager.tlog\CL.21908-VCTIP.read.12.tlog","신규","5","876","18e7da8f","미수행","미수행","비대상","미수행","불일치"
"","REPO1","\2015_C_x86_address\address_manager\Release\address_manager.tlog\CL.21908-VCTIP.read.15.tlog","신규","20","4456","27753a75","미수행","미수행","비대상","미수행","불일치"
"","REPO1","\2015_C_x86_address\address_manager\Release\address_manager.tlog\CL.21908-VCTIP.read.16.tlog","신규","4","592","7dfe0a0a","미수행","미수행","비대상","미수행","불일치"
"","REPO1","\2015_C_x86_address\address_manager\Release\address_manager.tlog\CL.21908-VCTIP.read.20.tlog","신규","5","760","58df4c86","미수행","미수행","비대상","미수행","불일치"
"","REPO1","\2015_C_x86_address\address_manager\Release\address_manager.tlog\CL.21908-VCTIP.read.31.tlog","신규","4","614","f2d537fc","미수행","미수행","비대상","미수행","불일치"
"","REPO1","\2015_C_x86_address\address_manager\Release\address_manager.tlog\CL.21908-VCTIP.read.7.tlog","신규","7","1248","2c5f3cc7","미수행","미수행","비대상","미수행","불일치"
"","REPO1","\2015_C_x86_address\address_manager\Release\address_manager.tlog\CL.21908-VCTIP.write.1.tlog","신규","3","398","b0c2a6f5","미수행","미수행","비대상","미수행","불일치"
"","REPO1","\2015_C_x86_address\address_manager\Release\address_manager.tlog\CL.21908-VCTIP.write.20.tlog","신규","3","398","b0c2a6f5","미수행","미수행","비대상","미수행","불일치"
"","REPO1","\2015_C_x86_address\address_manager\Release\address_manager.tlog\CL.21908-VCTIP.write.31.tlog","신규","3","398","b0c2a6f5","미수행","미수행","비대상","미수행","불일치"
"","REPO1","\2015_C_x86_address\address_manager\Release\address_manager.tlog\CL.21908-VCTIP.write.7.tlog","신규","3","398","b0c2a6f5","미수행","미수행","비대상","미수행","불일치"
"","REPO1","\2015_C_x86_address\address_manager\Release\address_manager.tlog\CL.command.1.tlog","신규","5","1546","efb488d0","미수행","미수행","비대상","미수행","불일치"
"","REPO1","\2015_C_x86_address\address_manager\Release\address_manager.tlog\CL.delete.1.tlog","신규","7","1290","ecab28f1","미수행","미수행","비대상","미수행","불일치"
"","REPO1","\2015_C_x86_address\address_manager\Release\address_manager.tlog\CL.delete.18.tlog","신규","4","532","2eefdaec","미수행","미수행","비대상","미수행","불일치"
"","REPO1","\2015_C_x86_address\address_manager\Release\address_manager.tlog\CL.read.1.tlog","신규","127","21600","c94fdff7","미수행","미수행","비대상","미수행","불일치"
"","REPO1","\2015_C_x86_address\address_manager\Release\address_manager.tlog\CL.write.1.tlog","신규","26","4910","f8072320","미수행","미수행","비대상","미수행","불일치"
"","REPO1","\2015_C_x86_address\address_manager\Release\address_manager.tlog\link.command.1.tlog","신규","3","1370","dee84125","미수행","미수행","비대상","미수행","불일치"
"","REPO1","\2015_C_x86_address\address_manager\Release\address_manager.tlog\link.read.1.tlog","신규","290","46340","e18bc16f","미수행","미수행","비대상","미수행","불일치"
"","REPO1","\2015_C_x86_address\address_manager\Release\address_manager.tlog\link.write.1.tlog","신규","15","2180","518cd1f6","미수행","미수행","비대상","미수행","불일치"
"","REPO1","\2015_C_x86_address\address_manager\Release\manager.obj","신규","66","83203","9a5e8316","미수행","미수행","비대상","미수행","불일치"
"","REPO1","\2015_C_x86_address\address_manager\Release\vc140.pdb","신규","684","110592","200c0789","미수행","미수행","비대상","미수행","불일치"
"","REPO1","\2015_C_x86_address\analysis.bat","신규","3","154","53fdf6dc","미수행","미수행","비대상","미수행","불일치"
"","REPO1","\2015_C_x86_address\parser.sconf","신규","1","2","0d4cbb29","미수행","미수행","비대상","미수행","불일치"
"","REPO1","\2015_C_x86_address\Release\address_manager.exe","신규","36","11776","f7fa8a88","미수행","미수행","비대상","미수행","불일치"
"","REPO1","\2015_C_x86_address\Release\address_manager.iobj","신규","362","63412","36041494","미수행","미수행","비대상","미수행","불일치"
"","REPO1","\2015_C_x86_address\Release\address_manager.ipdb","신규","14","19904","9e0ffba8","미수행","미수행","비대상","미수행","불일치"
"","REPO1","\2015_C_x86_address\Release\address_manager.pdb","신규","1045","471040","e5db836f","미수행","미수행","비대상","미수행","불일치"
"","REPO1","\Calculator CSharp-master\.cs_wrapper\320be578-16d5-4954-8b41-d7e167aaef68.cmd","신규","6","260","3d31c692","미수행","미수행","비대상","미수행","불일치"
"","REPO1","\Calculator CSharp-master\.hint","신규","1","199","2304bd5e","미수행","미수행","비대상","미수행","불일치"
"","REPO1","\Calculator CSharp-master\.STATICFILE","신규","59","1225","7382374b","미수행","미수행","비대상","미수행","불일치"
"","REPO1","\Calculator CSharp-master\.vs\Calculator\v14\.suo","신규","20","47616","f9188592","미수행","미수행","비대상","미수행","불일치"
"","REPO1","\Calculator CSharp-master\.vs\Calculator\v15\.suo","신규","25","53248","7921b257","미수행","미수행","비대상","미수행","불일치"
"","REPO1","\Calculator CSharp-master\.vs\Calculator\v15\Server\sqlite3\db.lock","신규","1","0","00000000","미수행","미수행","비대상","미수행","불일치"
"","REPO1","\Calculator CSharp-master\.vs\Calculator\v15\Server\sqlite3\storage.ide","신규","1","4096","e44c3219","미수행","미수행","비대상","미수행","불일치"
"","REPO1","\Calculator CSharp-master\.vs\Calculator\v15\Server\sqlite3\storage.ide-shm","신규","3","32768","45181af9","미수행","미수행","비대상","미수행","불일치"
"","REPO1","\Calculator CSharp-master\.vs\Calculator\v15\Server\sqlite3\storage.ide-wal","신규","1942","931152","a88a5203","미수행","미수행","비대상","미수행","불일치"
"","REPO1","\Calculator CSharp-master\.vs\Calculator\v16\.suo","신규","20","60928","7d9e21a9","미수행","미수행","비대상","미수행","불일치"
"","REPO1","\Calculator CSharp-master\_UpgradeReport_Files\UpgradeReport.css","신규","208","3141","b3964e35","미수행","미수행","비대상","미수행","불일치"
"","REPO1","\Calculator CSharp-master\_UpgradeReport_Files\UpgradeReport.xslt","신규","233","12302","14cb98cd","미수행","미수행","비대상","미수행","불일치"
"","REPO1","\Calculator CSharp-master\_UpgradeReport_Files\UpgradeReport_Minus.gif","신규","1","69","6fcc2d13","미수행","미수행","비대상","미수행","불일치"
"","REPO1","\Calculator CSharp-master\_UpgradeReport_Files\UpgradeReport_Plus.gif","신규","2","71","19926607","미수행","미수행","비대상","미수행","불일치"
"","REPO1","\Calculator CSharp-master\AboutBox1.cs","신규","120","4759","1ab7043f","미수행","미수행","비대상","미수행","불일치"
"","REPO1","\Calculator CSharp-master\AboutBox1.Designer.cs","신규","189","10571","d4758dd0","미수행","미수행","비대상","미수행","불일치"
"","REPO1","\Calculator CSharp-master\AboutBox1.resx","신규","624","49770","456a26e7","미수행","미수행","비대상","미수행","불일치"
"","REPO1","\Calculator CSharp-master\AboutBox2.cs","신규","129","5015","195bbb28","미수행","미수행","비대상","미수행","불일치"
"","REPO1","\Calculator CSharp-master\AboutBox2.Designer.cs","신규","194","11339","7553aa18","미수행","미수행","비대상","미수행","불일치"
"","REPO1","\Calculator CSharp-master\AboutBox2.resx","신규","270","18545","052fa1fc","미수행","미수행","비대상","미수행","불일치"
"","REPO1","\Calculator CSharp-master\app.config","신규","4","160","4c374dcf","미수행","미수행","비대상","미수행","불일치"
"","REPO1","\Calculator CSharp-master\bin\Debug\16044_Calculator#.cslog","신규","39","1218","bce64f55","미수행","미수행","비대상","미수행","불일치"
"","REPO1","\Calculator CSharp-master\bin\Debug\16800_Calculator#.cslog","신규","47","1490","26d432eb","미수행","미수행","비대상","미수행","불일치"
"","REPO1","\Calculator CSharp-master\bin\Debug\26072_Calculator#.cslog","신규","13","304","fd02c6be","미수행","미수행","비대상","미수행","불일치"
"","REPO1","\Calculator CSharp-master\bin\Debug\29516_Calculator#.cslog","신규","14","343","56e79e0f","미수행","미수행","비대상","미수행","불일치"
"","REPO1","\Calculator CSharp-master\bin\Debug\31240_Calculator#.cslog","신규","14","343","56e79e0f","미수행","미수행","비대상","미수행","불일치"
"","REPO1","\Calculator CSharp-master\bin\Debug\8176_Calculator#.cslog","신규","15","385","f8f40326","미수행","미수행","비대상","미수행","불일치"
"","REPO1","\Calculator CSharp-master\bin\Debug\Calculator#.exe","신규","1864","92160","b480bda2","미수행","미수행","비대상","미수행","불일치"
"","REPO1","\Calculator CSharp-master\bin\Debug\Calculator#.exe.config","신규","4","160","4c374dcf","미수행","미수행","비대상","미수행","불일치"
"","REPO1","\Calculator CSharp-master\bin\Debug\Calculator#.pdb","신규","451","140800","0b9811d9","미수행","미수행","비대상","미수행","불일치"
"","REPO1","\Calculator CSharp-master\bin\Debug\Calculator#.vshost.exe","신규","65","11592","614135fd","미수행","미수행","비대상","미수행","불일치"
"","REPO1","\Calculator CSharp-master\bin\Debug\Calculator#.vshost.exe.config","신규","4","160","4c374dcf","미수행","미수행","비대상","미수행","불일치"
"","REPO1","\Calculator CSharp-master\bin\Debug\Calculator#.vshost.exe.manifest","신규","12","479","b2c553d3","미수행","미수행","비대상","미수행","불일치"
"","REPO1","\Calculator CSharp-master\bin\Debug\CoverCSharpLibrary.dll","신규","417","21504","79be240e","미수행","미수행","비대상","미수행","불일치"
"","REPO1","\Calculator CSharp-master\bin\Debug\CoverCSharpLibrary.pdb","신규","175","77312","91940484","미수행","미수행","비대상","미수행","불일치"
"","REPO1","\Calculator CSharp-master\bin\Debug\CoverCSharpLibrary.xml","신규","15","306","0cac5805","미수행","미수행","비대상","미수행","불일치"
"","REPO1","\Calculator CSharp-master\bin\Debug\Documentation.htm","신규","78","3004","149a573e","미수행","미수행","비대상","미수행","불일치"
"","REPO1","\Calculator CSharp-master\bin\Debug\nunit.framework.dll","신규","989","69632","53a948f7","미수행","미수행","비대상","미수행","불일치"
"","REPO1","\Calculator CSharp-master\CalcEngine.cs","신규","882","34526","ca8a4834","미수행","미수행","비대상","미수행","불일치"
"","REPO1","\Calculator CSharp-master\Calculator.csproj","신규","151","6238","021e23d7","미수행","미수행","비대상","미수행","불일치"
"","REPO1","\Calculator CSharp-master\Calculator.csproj.user","신규","16","585","274059e8","미수행","미수행","비대상","미수행","불일치"
"","REPO1","\Calculator CSharp-master\Calculator.csproj_backup","신규","136","5658","ac8a4ba1","미수행","미수행","비대상","미수행","불일치"
"","REPO1","\Calculator CSharp-master\calculator.ico","신규","1","9662","c8c3922d","미수행","미수행","비대상","미수행","불일치"
"","REPO1","\Calculator CSharp-master\Calculator.nunit","신규","9","283","8fe1d56c","미수행","미수행","비대상","미수행","불일치"
"","REPO1","\Calculator CSharp-master\Calculator.sln","신규","21","889","67c1cb04","미수행","미수행","비대상","미수행","불일치"
"","REPO1","\Calculator CSharp-master\Calculator.suo","신규","14","26624","02e258a4","미수행","미수행","비대상","미수행","불일치"
"","REPO1","\Calculator CSharp-master\Calculator_TemporaryKey.pfx","신규","11","1700","163fc205","미수행","미수행","비대상","미수행","불일치"
"","REPO1","\Calculator CSharp-master\Documentation.htm","신규","78","3004","149a573e","미수행","미수행","비대상","미수행","불일치"
"","REPO1","\Calculator CSharp-master\Form1.cs","신규","567","19871","53fc9098","미수행","미수행","비대상","미수행","불일치"
"","REPO1","\Calculator CSharp-master\Form1.Designer.cs","신규","787","37650","7708c291","미수행","미수행","비대상","미수행","불일치"
"","REPO1","\Calculator CSharp-master\Form1.resx","신규","347","25092","20194e26","미수행","미수행","비대상","미수행","불일치"
"","REPO1","\Calculator CSharp-master\obj\Calculator.csproj.FileList.txt","신규","13","419","16e7a5ad","미수행","미수행","비대상","미수행","불일치"
"","REPO1","\Calculator CSharp-master\obj\Debug\.AssemblyReference.cache","신규","516","85185","ef24b9d7","미수행","미수행","비대상","미수행","불일치"
"","REPO1","\Calculator CSharp-master\obj\Debug\.NETFramework,Version=v4.5.2.AssemblyAttributes.cs","신규","5","210","bd8c61c8","미수행","미수행","비대상","미수행","불일치"
"","REPO1","\Calculator CSharp-master\obj\Debug\Calculator#.exe","신규","1864","92160","b480bda2","미수행","미수행","비대상","미수행","불일치"
"","REPO1","\Calculator CSharp-master\obj\Debug\Calculator#.pdb","신규","451","140800","0b9811d9","미수행","미수행","비대상","미수행","불일치"
"","REPO1","\Calculator CSharp-master\obj\Debug\Calculator.AboutBox2.resources","신규","5","9022","5fa74404","미수행","미수행","비대상","미수행","불일치"
"","REPO1","\Calculator CSharp-master\obj\Debug\Calculator.Calculator.resources","신규","15","13453","027a76c2","미수행","미수행","비대상","미수행","불일치"
"","REPO1","\Calculator CSharp-master\obj\Debug\Calculator.csproj.AssemblyReference.cache","신규","1","11","e8c63abd","미수행","미수행","비대상","미수행","불일치"
"","REPO1","\Calculator CSharp-master\obj\Debug\Calculator.csproj.CoreCompileInputs.cache","신규","2","41","07e2a7a0","미수행","미수행","비대상","미수행","불일치"
"","REPO1","\Calculator CSharp-master\obj\Debug\Calculator.csproj.FileListAbsolute.txt","신규","99","8390","7e4094e2","미수행","미수행","비대상","미수행","불일치"
"","REPO1","\Calculator CSharp-master\obj\Debug\Calculator.csproj.GenerateResource.cache","신규","10","1074","d34f3180","미수행","미수행","비대상","미수행","불일치"
"","REPO1","\Calculator CSharp-master\obj\Debug\Calculator.csprojAssemblyReference.cache","신규","327","26537","ba232b52","미수행","미수행","비대상","미수행","불일치"
"","REPO1","\Calculator CSharp-master\obj\Debug\Calculator.csprojResolveAssemblyReference.cache","신규","189","21631","e6a922ec","미수행","미수행","비대상","미수행","불일치"
"","REPO1","\Calculator CSharp-master\obj\Debug\Calculator.Properties.Resources.resources","신규","1","180","20435c3e","미수행","미수행","비대상","미수행","불일치"
"","REPO1","\Calculator CSharp-master\obj\Debug\DesignTimeResolveAssemblyReferences.cache","신규","33","1605","627c093d","미수행","미수행","비대상","미수행","불일치"
"","REPO1","\Calculator CSharp-master\obj\Debug\DesignTimeResolveAssemblyReferencesInput.cache","신규","7","7058","262d11be","미수행","미수행","비대상","미수행","불일치"
"","REPO1","\Calculator CSharp-master\obj\Debug\ResolveAssemblyReference.cache","신규","21","3344","e114962d","미수행","미수행","비대상","미수행","불일치"
"","REPO1","\Calculator CSharp-master\obj\Debug\TemporaryGeneratedFile_036C0B5B-1481-4323-8D20-8F5ADCB23D92.cs","신규","1","0","00000000","미수행","미수행","비대상","미수행","불일치"
"","REPO1","\Calculator CSharp-master\obj\Debug\TemporaryGeneratedFile_5937a670-0e60-4077-877b-f7221da3dda1.cs","신규","1","0","00000000","미수행","미수행","비대상","미수행","불일치"
"","REPO1","\Calculator CSharp-master\obj\Debug\TemporaryGeneratedFile_E7A71F73-0F8D-4B9B-B56E-8E70B10BC5D3.cs","신규","1","0","00000000","미수행","미수행","비대상","미수행","불일치"
"","REPO1","\Calculator CSharp-master\obj\Debug\TempPE\Properties.Resources.Designer.cs.dll","신규","22","3584","d14713d8","미수행","미수행","비대상","미수행","불일치"
"","REPO1","\Calculator CSharp-master\obj\Release\.NETFramework,Version=v4.5.2.AssemblyAttributes.cs","신규","5","210","bd8c61c8","미수행","미수행","비대상","미수행","불일치"
"","REPO1","\Calculator CSharp-master\obj\Release\build.force","신규","1","0","00000000","미수행","미수행","비대상","미수행","불일치"
"","REPO1","\Calculator CSharp-master\obj\Release\Calculator.AboutBox2.resources","신규","5","9022","5fa74404","미수행","미수행","비대상","미수행","불일치"
"","REPO1","\Calculator CSharp-master\obj\Release\Calculator.Calculator.resources","신규","15","13453","027a76c2","미수행","미수행","비대상","미수행","불일치"
"","REPO1","\Calculator CSharp-master\obj\Release\Calculator.csproj.CoreCompileInputs.cache","신규","2","41","d069e042","미수행","미수행","비대상","미수행","불일치"
"","REPO1","\Calculator CSharp-master\obj\Release\Calculator.csproj.FileListAbsolute.txt","신규","6","438","f9a7afc3","미수행","미수행","비대상","미수행","불일치"
"","REPO1","\Calculator CSharp-master\obj\Release\Calculator.csproj.GenerateResource.cache","신규","10","1074","d34f3180","미수행","미수행","비대상","미수행","불일치"
"","REPO1","\Calculator CSharp-master\obj\Release\Calculator.Properties.Resources.resources","신규","1","180","20435c3e","미수행","미수행","비대상","미수행","불일치"
"","REPO1","\Calculator CSharp-master\obj\Release\TempPE\Properties.Resources.Designer.cs.dll","신규","22","3584","cc77883e","미수행","미수행","비대상","미수행","불일치"
"","REPO1","\Calculator CSharp-master\Program.cs","신규","22","497","e3c9883c","미수행","미수행","비대상","미수행","불일치"
"","REPO1","\Calculator CSharp-master\Properties\app.manifest","신규","11","645","d6a8d6b8","미수행","미수행","비대상","미수행","불일치"
"","REPO1","\Calculator CSharp-master\Properties\AssemblyInfo.cs","신규","34","1247","a8e3d900","미수행","미수행","비대상","미수행","불일치"
"","REPO1","\Calculator CSharp-master\Properties\Resources.Designer.cs","신규","64","3058","b1f84b6f","미수행","미수행","비대상","미수행","불일치"
"","REPO1","\Calculator CSharp-master\Properties\Resources.resx","신규","117","5496","167a9b05","미수행","미수행","비대상","미수행","불일치"
"","REPO1","\Calculator CSharp-master\Properties\Settings.Designer.cs","신규","27","1147","54db4b29","미수행","미수행","비대상","미수행","불일치"
"","REPO1","\Calculator CSharp-master\Properties\Settings.settings","신규","8","242","8a39b868","미수행","미수행","비대상","미수행","불일치"
"","REPO1","\Calculator CSharp-master\README.md","신규","17","952","59fdc30d","미수행","미수행","비대상","미수행","불일치"
"","REPO1","\Calculator CSharp-master\static-client.json","신규","8","163","e53a40f8","미수행","미수행","비대상","미수행","불일치"
"","REPO1","\Calculator CSharp-master\TestHarness.cs","신규","646","24670","21c6250b","미수행","미수행","비대상","미수행","불일치"
"","REPO1","\Calculator CSharp-master\TestResult.xml","신규","63","5652","f4af7473","미수행","미수행","비대상","미수행","불일치"
"","REPO1","\Calculator CSharp-master\UpgradeLog.XML","신규","9","824","7d1a61ef","미수행","미수행","비대상","미수행","불일치"
"","REPO1","\Calculator CSharp-master\UpgradeLog2.XML","신규","35","5806","5720f5f2","미수행","미수행","비대상","미수행","불일치"
"","REPO1","\CRLF_test_vs2015\.STATICFILE","신규","83","2565","beb1068a","미수행","미수행","비대상","미수행","불일치"
"","REPO1","\CRLF_test_vs2015\.vs\CRLF_test_vs2015\v14\.suo","신규","14","31232","29cc3b08","미수행","미수행","비대상","미수행","불일치"
"","REPO1","\CRLF_test_vs2015\ci.ini","신규","143","4465","35903427","미수행","미수행","비대상","미수행","불일치"
"","REPO1","\CRLF_test_vs2015\CRLF_test_vs2015.sln","신규","29","1302","dd604f19","미수행","미수행","비대상","미수행","불일치"
"","REPO1","\CRLF_test_vs2015\CRLF_test_vs2015\CRLF_test.c","신규","25","244","0a4c3547","미수행","미수행","비대상","미수행","불일치"
"","REPO1","\CRLF_test_vs2015\CRLF_test_vs2015\CRLF_test_vs2015.vcxproj","신규","121","5659","c4c4f716","미수행","미수행","비대상","미수행","불일치"
"","REPO1","\CRLF_test_vs2015\CRLF_test_vs2015\CRLF_test_vs2015.vcxproj.filters","신규","22","943","3b71ca88","미수행","미수행","비대상","미수행","불일치"
"","REPO1","\CRLF_test_vs2015\CRLF_test_vs2015\CRLF_test_vs2015.vcxproj.user","신규","4","162","443999d9","미수행","미수행","비대상","미수행","불일치"
"","REPO1","\CRLF_test_vs2015\CRLF_test_vs2015\Debug\CRLF_test.obj","신규","22","6704","f5bdffd7","미수행","미수행","비대상","미수행","불일치"
"","REPO1","\CRLF_test_vs2015\CRLF_test_vs2015\Debug\CRLF_test_vs2015.Build.CppClean.log","신규","6","495","ba6edab8","미수행","미수행","비대상","미수행","불일치"
"","REPO1","\CRLF_test_vs2015\CRLF_test_vs2015\Debug\CRLF_test_vs2015.log","신규","4","243","94939bf4","미수행","미수행","비대상","미수행","불일치"
"","REPO1","\CRLF_test_vs2015\CRLF_test_vs2015\Debug\CRLF_test_vs2015.tlog\CL.command.1.tlog","신규","3","664","c2e4aa20","미수행","미수행","비대상","미수행","불일치"
"","REPO1","\CRLF_test_vs2015\CRLF_test_vs2015\Debug\CRLF_test_vs2015.tlog\CL.read.1.tlog","신규","13","1716","c5354056","미수행","미수행","비대상","미수행","불일치"
"","REPO1","\CRLF_test_vs2015\CRLF_test_vs2015\Debug\CRLF_test_vs2015.tlog\CL.write.1.tlog","신규","5","668","ef1ea467","미수행","미수행","비대상","미수행","불일치"
"","REPO1","\CRLF_test_vs2015\CRLF_test_vs2015\Debug\CRLF_test_vs2015.tlog\CRLF_test_vs2015.lastbuildstate","신규","3","213","c929b4e2","미수행","미수행","비대상","미수행","불일치"
"","REPO1","\CRLF_test_vs2015\CRLF_test_vs2015\Debug\CRLF_test_vs2015.tlog\link.command.1.tlog","신규","3","1360","676c5426","미수행","미수행","비대상","미수행","불일치"
"","REPO1","\CRLF_test_vs2015\CRLF_test_vs2015\Debug\CRLF_test_vs2015.tlog\link.read.1.tlog","신규","23","3082","56140986","미수행","미수행","비대상","미수행","불일치"
"","REPO1","\CRLF_test_vs2015\CRLF_test_vs2015\Debug\CRLF_test_vs2015.tlog\link.write.1.tlog","신규","5","640","9d9dc09c","미수행","미수행","비대상","미수행","불일치"
"","REPO1","\CRLF_test_vs2015\CRLF_test_vs2015\Debug\vc140.idb","신규","14","27648","75833f40","미수행","미수행","비대상","미수행","불일치"
"","REPO1","\CRLF_test_vs2015\CRLF_test_vs2015\Debug\vc140.pdb","신규","182","61440","5e1b1ed9","미수행","미수행","비대상","미수행","불일치"
"","REPO1","\CRLF_test_vs2015\CRLF_test_vs2015\x64\Debug\CRLF_test.obj","신규","30","8360","3e56a30e","미수행","미수행","비대상","미수행","불일치"
"","REPO1","\CRLF_test_vs2015\CRLF_test_vs2015\x64\Debug\CRLF_test_vs2015.Build.CppClean.log","신규","8","666","82ad0d2e","미수행","미수행","비대상","미수행","불일치"
"","REPO1","\CRLF_test_vs2015\CRLF_test_vs2015\x64\Debug\CRLF_test_vs2015.log","신규","5","420","75715f75","미수행","미수행","비대상","미수행","불일치"
"","REPO1","\CRLF_test_vs2015\CRLF_test_vs2015\x64\Debug\CRLF_test_vs2015.tlog\CL.command.1.tlog","신규","3","650","e771eaf3","미수행","미수행","비대상","미수행","불일치"
"","REPO1","\CRLF_test_vs2015\CRLF_test_vs2015\x64\Debug\CRLF_test_vs2015.tlog\CL.read.1.tlog","신규","20","2654","19756e36","미수행","미수행","비대상","미수행","불일치"
"","REPO1","\CRLF_test_vs2015\CRLF_test_vs2015\x64\Debug\CRLF_test_vs2015.tlog\CL.write.1.tlog","신규","7","998","17ab33cb","미수행","미수행","비대상","미수행","불일치"
"","REPO1","\CRLF_test_vs2015\CRLF_test_vs2015\x64\Debug\CRLF_test_vs2015.tlog\CRLF_test_vs2015.lastbuildstate","신규","3","211","182de1e0","미수행","미수행","비대상","미수행","불일치"
"","REPO1","\CRLF_test_vs2015\CRLF_test_vs2015\x64\Debug\CRLF_test_vs2015.tlog\link.command.1.tlog","신규","3","1362","3d5416b4","미수행","미수행","비대상","미수행","불일치"
"","REPO1","\CRLF_test_vs2015\CRLF_test_vs2015\x64\Debug\CRLF_test_vs2015.tlog\link.read.1.tlog","신규","31","4216","bdc48bdf","미수행","미수행","비대상","미수행","불일치"
"","REPO1","\CRLF_test_vs2015\CRLF_test_vs2015\x64\Debug\CRLF_test_vs2015.tlog\link.write.1.tlog","신규","8","1128","4d01692c","미수행","미수행","비대상","미수행","불일치"
"","REPO1","\CRLF_test_vs2015\CRLF_test_vs2015\x64\Debug\vc140.idb","신규","16","27648","f032521e","미수행","미수행","비대상","미수행","불일치"
"","REPO1","\CRLF_test_vs2015\CRLF_test_vs2015\x64\Debug\vc140.pdb","신규","104","61440","3d55f642","미수행","미수행","비대상","미수행","불일치"
"","REPO1","\CRLF_test_vs2015\Debug\CRLF_test_vs2015.exe","신규","51","37376","c03f1dd7","미수행","미수행","비대상","미수행","불일치"
"","REPO1","\CRLF_test_vs2015\Debug\CRLF_test_vs2015.ilk","신규","256","286748","06270510","미수행","미수행","비대상","미수행","불일치"
"","REPO1","\CRLF_test_vs2015\Debug\CRLF_test_vs2015.pdb","신규","245","446464","c35d6759","미수행","미수행","비대상","미수행","불일치"
"","REPO1","\CRLF_test_vs2015\Microsoft_VisualStudio_2015_None_Host_CCPP.sconf","신규","44","1152","e24ed606","미수행","미수행","비대상","미수행","불일치"
"","REPO1","\CRLF_test_vs2015\psionic.ini","신규","126","3353","035f8a4f","미수행","미수행","비대상","미수행","불일치"
"","REPO1","\CRLF_test_vs2015\static-client.json","신규","9","254","58afdcff","미수행","미수행","비대상","미수행","불일치"
"","REPO1","\CRLF_test_vs2015\x64\Debug\CRLF_test_vs2015.exe","신규","107","58880","41810f55","미수행","미수행","비대상","미수행","불일치"
"","REPO1","\CRLF_test_vs2015\x64\Debug\CRLF_test_vs2015.ilk","신규","277","336428","01548f78","미수행","미수행","비대상","미수행","불일치"
"","REPO1","\CRLF_test_vs2015\x64\Debug\CRLF_test_vs2015.pdb","신규","255","438272","5da24d71","미수행","미수행","비대상","미수행","불일치"
"","REPO1","\gcc_sample\calendar.c","신규","121","4137","934ea3f0","미수행","미수행","비대상","미수행","불일치"
"","REPO1","\gcc_sample\convert.c","신규","30","601","f41daf83","미수행","미수행","비대상","미수행","불일치"
"","REPO1","\gcc_sample\cppobjects.cpp","신규","26","504","532802fc","미수행","미수행","비대상","미수행","불일치"
"","REPO1","\gcc_sample\cvgc_7DEA009A.o","신규","3","1701","e11894f6","미수행","미수행","비대상","미수행","불일치"
"","REPO1","\gcc_sample\for_loop.cpp","신규","10","128","a92e69d2","미수행","미수행","비대상","미수행","불일치"
"","REPO1","\gcc_sample\libcstm_7DEA009A.o","신규","5","4161","4dc12f47","미수행","미수행","비대상","미수행","불일치"
"","REPO1","\gcc_sample\manager.c","신규","167","3069","0abf9539","미수행","미수행","비대상","미수행","불일치"
"","REPO1","\gcc_sample\manager.exe","신규","124","53120","a24ddbcb","미수행","미수행","비대상","미수행","불일치"
"","REPO1","\gcc_sample\manager.o","신규","14","4503","ecd0bd5c","미수행","미수행","비대상","미수행","불일치"
"","REPO1","\gcc_sample\multi.cpp","신규","24","356","a7933d03","미수행","미수행","비대상","미수행","불일치"
"","REPO1","\gcc_sample\union.c","신규","37","488","31c57e7a","미수행","미수행","비대상","미수행","불일치"
"","REPO1","\gradle_sample\complete\.hint","신규","1","205","58c99e9b","미수행","미수행","비대상","미수행","불일치"
"","REPO1","\gradle_sample\complete\.STATICJAVA","신규","39","1742","f114bddc","미수행","미수행","비대상","미수행","불일치"
"","REPO1","\gradle_sample\complete\build.gradle","신규","39","766","048ad390","미수행","미수행","비대상","미수행","불일치"
"","REPO1","\gradle_sample\complete\gradle.properties","신규","2","48","293852b2","미수행","미수행","비대상","미수행","불일치"
"","REPO1","\gradle_sample\complete\gradle\wrapper\gradle-wrapper.jar","신규","298","53556","8b9bfd60","미수행","미수행","비대상","미수행","불일치"
"","REPO1","\gradle_sample\complete\gradle\wrapper\gradle-wrapper.properties","신규","7","230","c48f68ff","미수행","미수행","비대상","미수행","불일치"
"","REPO1","\gradle_sample\complete\gradlew","신규","165","5046","d425c747","미수행","미수행","비대상","미수행","불일치"
"","REPO1","\gradle_sample\complete\gradlew.bat","신규","91","2314","0c9c3668","미수행","미수행","비대상","미수행","불일치"
"","REPO1","\gradle_sample\complete\src\main\java\hello\Greeter.java","신규","7","100","315c7caf","미수행","미수행","비대상","미수행","불일치"
"","REPO1","\gradle_sample\complete\src\main\java\hello\HelloWorld.java","신규","15","384","a70eba78","미수행","미수행","비대상","미수행","불일치"
"","REPO1","\gradle_sample\complete\src\test\java\hello\HelloWorldTests.java","신규","42","1026","5ef2e1b3","미수행","미수행","비대상","미수행","불일치"
"","REPO1","\gradle_sample\complete\test.bat","신규","6","132","61e83701","미수행","미수행","비대상","미수행","불일치"
"","REPO1","\gradle_sample\CONTRIBUTING.adoc","신규","2","133","7d6d7275","미수행","미수행","비대상","미수행","불일치"
"","REPO1","\gradle_sample\initial\.gitignore","신규","6","51","38c2e68d","미수행","미수행","비대상","미수행","불일치"
"","REPO1","\gradle_sample\initial\build.gradle","신규","2","21","24391e98","미수행","미수행","비대상","미수행","불일치"
"","REPO1","\gradle_sample\initial\src\main\java\hello\Greeter.java","신규","7","100","315c7caf","미수행","미수행","비대상","미수행","불일치"
"","REPO1","\gradle_sample\initial\src\main\java\hello\HelloWorld.java","신규","8","171","ee8280a0","미수행","미수행","비대상","미수행","불일치"
"","REPO1","\gradle_sample\LICENSE.code.txt","신규","17","722","3ca6abee","미수행","미수행","비대상","미수행","불일치"
"","REPO1","\gradle_sample\LICENSE.writing.txt","신규","2","106","887589c9","미수행","미수행","비대상","미수행","불일치"
"","REPO1","\gradle_sample\README.adoc","신규","328","12726","47bed36f","미수행","미수행","비대상","미수행","불일치"
"","REPO1","\gradle_sample\test\run.sh","신규","24","301","8b0168ac","미수행","미수행","비대상","미수행","불일치"
"","REPO1","\LF_test_vs2015\.STATICFILE","신규","79","2473","520b6ef9","미수행","미수행","비대상","미수행","불일치"
"","REPO1","\LF_test_vs2015\.vs\LF_test_vs2015\v14\.suo","신규","12","25600","e310f455","미수행","미수행","비대상","미수행","불일치"
"","REPO1","\LF_test_vs2015\ci.ini","신규","143","4465","35903427","미수행","미수행","비대상","미수행","불일치"
"","REPO1","\LF_test_vs2015\Debug\LF_test_vs2015.exe","신규","51","37376","06903136","미수행","미수행","비대상","미수행","불일치"
"","REPO1","\LF_test_vs2015\Debug\LF_test_vs2015.ilk","신규","259","288720","09852bf2","미수행","미수행","비대상","미수행","불일치"
"","REPO1","\LF_test_vs2015\Debug\LF_test_vs2015.pdb","신규","382","593920","8ef409b4","미수행","미수행","비대상","미수행","불일치"
"","REPO1","\LF_test_vs2015\LF_test_vs2015.sln","신규","29","1296","3be4e2a4","미수행","미수행","비대상","미수행","불일치"
"","REPO1","\LF_test_vs2015\LF_test_vs2015.VC.VC.opendb","신규","1","42","77713421","미수행","미수행","비대상","미수행","불일치"
"","REPO1","\LF_test_vs2015\LF_test_vs2015\.STATICFILE","신규","61","1281","4a707d1b","미수행","미수행","비대상","미수행","불일치"
"","REPO1","\LF_test_vs2015\LF_test_vs2015\Debug\LF_test.obj","신규","20","6631","b09f929a","미수행","미수행","비대상","미수행","불일치"
"","REPO1","\LF_test_vs2015\LF_test_vs2015\Debug\LF_test_vs2015.log","신규","5","443","65ae9f41","미수행","미수행","비대상","미수행","불일치"
"","REPO1","\LF_test_vs2015\LF_test_vs2015\Debug\LF_test_vs2015.tlog\CL.command.1.tlog","신규","3","640","0ce80fbd","미수행","미수행","비대상","미수행","불일치"
"","REPO1","\LF_test_vs2015\LF_test_vs2015\Debug\LF_test_vs2015.tlog\CL.read.1.tlog","신규","14","1850","e5fad6d9","미수행","미수행","비대상","미수행","불일치"
"","REPO1","\LF_test_vs2015\LF_test_vs2015\Debug\LF_test_vs2015.tlog\CL.write.1.tlog","신규","5","628","52209be5","미수행","미수행","비대상","미수행","불일치"
"","REPO1","\LF_test_vs2015\LF_test_vs2015\Debug\LF_test_vs2015.tlog\LF_test_vs2015.lastbuildstate","신규","3","217","7e533852","미수행","미수행","비대상","미수행","불일치"
"","REPO1","\LF_test_vs2015\LF_test_vs2015\Debug\LF_test_vs2015.tlog\link.command.1.tlog","신규","3","1282","8bce6066","미수행","미수행","비대상","미수행","불일치"
"","REPO1","\LF_test_vs2015\LF_test_vs2015\Debug\LF_test_vs2015.tlog\link.read.1.tlog","신규","21","2804","7a1c2466","미수행","미수행","비대상","미수행","불일치"
"","REPO1","\LF_test_vs2015\LF_test_vs2015\Debug\LF_test_vs2015.tlog\link.write.1.tlog","신규","5","604","98549045","미수행","미수행","비대상","미수행","불일치"
"","REPO1","\LF_test_vs2015\LF_test_vs2015\Debug\vc140.idb","신규","15","27648","20ef2256","미수행","미수행","비대상","미수행","불일치"
"","REPO1","\LF_test_vs2015\LF_test_vs2015\Debug\vc140.pdb","신규","270","77824","e9384d07","미수행","미수행","비대상","미수행","불일치"
"","REPO1","\LF_test_vs2015\LF_test_vs2015\LF_test.c","신규","26","206","8b05c0e6","미수행","미수행","비대상","미수행","불일치"
"","REPO1","\LF_test_vs2015\LF_test_vs2015\LF_test_vs2015.vcxproj","신규","118","5595","f8c99f38","미수행","미수행","비대상","미수행","불일치"
"","REPO1","\LF_test_vs2015\LF_test_vs2015\LF_test_vs2015.vcxproj.filters","신규","22","941","1eaf1138","미수행","미수행","비대상","미수행","불일치"
"","REPO1","\LF_test_vs2015\LF_test_vs2015\static-client.json","신규","8","163","e53a40f8","미수행","미수행","비대상","미수행","불일치"
"","REPO1","\LF_test_vs2015\LF_test_vs2015\x64\Debug\LF_test.obj","신규","28","8239","2cda1799","미수행","미수행","비대상","미수행","불일치"
"","REPO1","\LF_test_vs2015\LF_test_vs2015\x64\Debug\LF_test_vs2015.Build.CppClean.log","신규","23","1789","d477f528","미수행","미수행","비대상","미수행","불일치"
"","REPO1","\LF_test_vs2015\LF_test_vs2015\x64\Debug\LF_test_vs2015.tlog\CL.command.1.tlog","신규","3","626","a19d831f","미수행","미수행","비대상","미수행","불일치"
"","REPO1","\LF_test_vs2015\LF_test_vs2015\x64\Debug\LF_test_vs2015.tlog\CL.read.1.tlog","신규","21","2768","67cd18f2","미수행","미수행","비대상","미수행","불일치"
"","REPO1","\LF_test_vs2015\LF_test_vs2015\x64\Debug\LF_test_vs2015.tlog\CL.write.1.tlog","신규","8","1092","748b82c2","미수행","미수행","비대상","미수행","불일치"
"","REPO1","\LF_test_vs2015\LF_test_vs2015\x64\Debug\LF_test_vs2015.tlog\LF_test_vs2015.lastbuildstate","신규","3","209","ce360389","미수행","미수행","비대상","미수행","불일치"
"","REPO1","\LF_test_vs2015\LF_test_vs2015\x64\Debug\LF_test_vs2015.tlog\link-VCTIP.delete.1.tlog","신규","4","486","ff1b94b4","미수행","미수행","비대상","미수행","불일치"
"","REPO1","\LF_test_vs2015\LF_test_vs2015\x64\Debug\LF_test_vs2015.tlog\link-VCTIP.delete.41.tlog","신규","4","486","0f99d004","미수행","미수행","비대상","미수행","불일치"
"","REPO1","\LF_test_vs2015\LF_test_vs2015\x64\Debug\LF_test_vs2015.tlog\link-VCTIP.delete.50.tlog","신규","4","486","64a17ae1","미수행","미수행","비대상","미수행","불일치"
"","REPO1","\LF_test_vs2015\LF_test_vs2015\x64\Debug\LF_test_vs2015.tlog\link-VCTIP.delete.63.tlog","신규","4","486","ac292c04","미수행","미수행","비대상","미수행","불일치"
"","REPO1","\LF_test_vs2015\LF_test_vs2015\x64\Debug\LF_test_vs2015.tlog\link-VCTIP.delete.73.tlog","신규","4","486","60f1140e","미수행","미수행","비대상","미수행","불일치"
"","REPO1","\LF_test_vs2015\LF_test_vs2015\x64\Debug\LF_test_vs2015.tlog\link-VCTIP.read.1.tlog","신규","39","6328","c8901a46","미수행","미수행","비대상","미수행","불일치"
"","REPO1","\LF_test_vs2015\LF_test_vs2015\x64\Debug\LF_test_vs2015.tlog\link-VCTIP.read.10.tlog","신규","7","818","e7b3a286","미수행","미수행","비대상","미수행","불일치"
"","REPO1","\LF_test_vs2015\LF_test_vs2015\x64\Debug\LF_test_vs2015.tlog\link-VCTIP.read.16.tlog","신규","9","1548","f250e8cd","미수행","미수행","비대상","미수행","불일치"
"","REPO1","\LF_test_vs2015\LF_test_vs2015\x64\Debug\LF_test_vs2015.tlog\link-VCTIP.read.18.tlog","신규","16","3260","1888ef6e","미수행","미수행","비대상","미수행","불일치"
"","REPO1","\LF_test_vs2015\LF_test_vs2015\x64\Debug\LF_test_vs2015.tlog\link-VCTIP.read.20.tlog","신규","7","1132","081f9778","미수행","미수행","비대상","미수행","불일치"
"","REPO1","\LF_test_vs2015\LF_test_vs2015\x64\Debug\LF_test_vs2015.tlog\link-VCTIP.read.23.tlog","신규","8","1406","ec90a144","미수행","미수행","비대상","미수행","불일치"
"","REPO1","\LF_test_vs2015\LF_test_vs2015\x64\Debug\LF_test_vs2015.tlog\link-VCTIP.read.26.tlog","신규","13","2310","1a8a039b","미수행","미수행","비대상","미수행","불일치"
"","REPO1","\LF_test_vs2015\LF_test_vs2015\x64\Debug\LF_test_vs2015.tlog\link-VCTIP.read.30.tlog","신규","4","332","78a64bc5","미수행","미수행","비대상","미수행","불일치"
"","REPO1","\LF_test_vs2015\LF_test_vs2015\x64\Debug\LF_test_vs2015.tlog\link-VCTIP.read.31.tlog","신규","3","200","bf46231c","미수행","미수행","비대상","미수행","불일치"
"","REPO1","\LF_test_vs2015\LF_test_vs2015\x64\Debug\LF_test_vs2015.tlog\link-VCTIP.read.32.tlog","신규","4","422","89a8fc7c","미수행","미수행","비대상","미수행","불일치"
"","REPO1","\LF_test_vs2015\LF_test_vs2015\x64\Debug\LF_test_vs2015.tlog\link-VCTIP.read.33.tlog","신규","4","386","51dcdb33","미수행","미수행","비대상","미수행","불일치"
"","REPO1","\LF_test_vs2015\LF_test_vs2015\x64\Debug\LF_test_vs2015.tlog\link-VCTIP.read.4.tlog","신규","7","818","e7b3a286","미수행","미수행","비대상","미수행","불일치"
"","REPO1","\LF_test_vs2015\LF_test_vs2015\x64\Debug\LF_test_vs2015.tlog\link-VCTIP.read.41.tlog","신규","3","200","bf46231c","미수행","미수행","비대상","미수행","불일치"
"","REPO1","\LF_test_vs2015\LF_test_vs2015\x64\Debug\LF_test_vs2015.tlog\link-VCTIP.read.50.tlog","신규","3","200","bf46231c","미수행","미수행","비대상","미수행","불일치"
"","REPO1","\LF_test_vs2015\LF_test_vs2015\x64\Debug\LF_test_vs2015.tlog\link-VCTIP.read.63.tlog","신규","3","200","bf46231c","미수행","미수행","비대상","미수행","불일치"
"","REPO1","\LF_test_vs2015\LF_test_vs2015\x64\Debug\LF_test_vs2015.tlog\link-VCTIP.read.7.tlog","신규","7","818","e7b3a286","미수행","미수행","비대상","미수행","불일치"
"","REPO1","\LF_test_vs2015\LF_test_vs2015\x64\Debug\LF_test_vs2015.tlog\link-VCTIP.read.73.tlog","신규","3","200","bf46231c","미수행","미수행","비대상","미수행","불일치"
"","REPO1","\LF_test_vs2015\LF_test_vs2015\x64\Debug\LF_test_vs2015.tlog\link-VCTIP.read.8.tlog","신규","7","818","e7b3a286","미수행","미수행","비대상","미수행","불일치"
"","REPO1","\LF_test_vs2015\LF_test_vs2015\x64\Debug\LF_test_vs2015.tlog\link-VCTIP.read.9.tlog","신규","7","818","e7b3a286","미수행","미수행","비대상","미수행","불일치"
"","REPO1","\LF_test_vs2015\LF_test_vs2015\x64\Debug\LF_test_vs2015.tlog\link-VCTIP.write.1.tlog","신규","7","964","e065aa90","미수행","미수행","비대상","미수행","불일치"
"","REPO1","\LF_test_vs2015\LF_test_vs2015\x64\Debug\LF_test_vs2015.tlog\link-VCTIP.write.10.tlog","신규","5","496","cfb80e7d","미수행","미수행","비대상","미수행","불일치"
"","REPO1","\LF_test_vs2015\LF_test_vs2015\x64\Debug\LF_test_vs2015.tlog\link-VCTIP.write.30.tlog","신규","3","200","bf46231c","미수행","미수행","비대상","미수행","불일치"
"","REPO1","\LF_test_vs2015\LF_test_vs2015\x64\Debug\LF_test_vs2015.tlog\link-VCTIP.write.4.tlog","신규","5","496","cfb80e7d","미수행","미수행","비대상","미수행","불일치"
"","REPO1","\LF_test_vs2015\LF_test_vs2015\x64\Debug\LF_test_vs2015.tlog\link-VCTIP.write.41.tlog","신규","3","200","bf46231c","미수행","미수행","비대상","미수행","불일치"
"","REPO1","\LF_test_vs2015\LF_test_vs2015\x64\Debug\LF_test_vs2015.tlog\link-VCTIP.write.50.tlog","신규","3","200","bf46231c","미수행","미수행","비대상","미수행","불일치"
"","REPO1","\LF_test_vs2015\LF_test_vs2015\x64\Debug\LF_test_vs2015.tlog\link-VCTIP.write.63.tlog","신규","3","200","bf46231c","미수행","미수행","비대상","미수행","불일치"
"","REPO1","\LF_test_vs2015\LF_test_vs2015\x64\Debug\LF_test_vs2015.tlog\link-VCTIP.write.7.tlog","신규","5","494","9cdf18bf","미수행","미수행","비대상","미수행","불일치"
"","REPO1","\LF_test_vs2015\LF_test_vs2015\x64\Debug\LF_test_vs2015.tlog\link-VCTIP.write.73.tlog","신규","3","200","bf46231c","미수행","미수행","비대상","미수행","불일치"
"","REPO1","\LF_test_vs2015\LF_test_vs2015\x64\Debug\LF_test_vs2015.tlog\link-VCTIP.write.8.tlog","신규","5","496","cfb80e7d","미수행","미수행","비대상","미수행","불일치"
"","REPO1","\LF_test_vs2015\LF_test_vs2015\x64\Debug\LF_test_vs2015.tlog\link-VCTIP.write.9.tlog","신규","5","494","9cdf18bf","미수행","미수행","비대상","미수행","불일치"
"","REPO1","\LF_test_vs2015\LF_test_vs2015\x64\Debug\LF_test_vs2015.tlog\link.command.1.tlog","신규","3","1322","ca30424b","미수행","미수행","비대상","미수행","불일치"
"","REPO1","\LF_test_vs2015\LF_test_vs2015\x64\Debug\LF_test_vs2015.tlog\link.read.1.tlog","신규","31","4172","bc8427af","미수행","미수행","비대상","미수행","불일치"
"","REPO1","\LF_test_vs2015\LF_test_vs2015\x64\Debug\LF_test_vs2015.tlog\link.write.1.tlog","신규","8","1080","2bd73b4c","미수행","미수행","비대상","미수행","불일치"
"","REPO1","\LF_test_vs2015\LF_test_vs2015\x64\Debug\vc140.idb","신규","13","27648","97e46d87","미수행","미수행","비대상","미수행","불일치"
"","REPO1","\LF_test_vs2015\LF_test_vs2015\x64\Debug\vc140.pdb","신규","105","61440","ad282838","미수행","미수행","비대상","미수행","불일치"
"","REPO1","\LF_test_vs2015\Microsoft_VisualStudio_2015_None_Host_CCPP.sconf","신규","44","1152","e24ed606","미수행","미수행","비대상","미수행","불일치"
"","REPO1","\LF_test_vs2015\psionic.ini","신규","126","3353","035f8a4f","미수행","미수행","비대상","미수행","불일치"
"","REPO1","\LF_test_vs2015\static-client.json","신규","9","254","c1e8259e","미수행","미수행","비대상","미수행","불일치"
"","REPO1","\LF_test_vs2015\x64\Debug\LF_test_vs2015.exe","신규","108","58880","5d77af77","미수행","미수행","비대상","미수행","불일치"
"","REPO1","\LF_test_vs2015\x64\Debug\LF_test_vs2015.ilk","신규","271","336300","9c3c220e","미수행","미수행","비대상","미수행","불일치"
"","REPO1","\LF_test_vs2015\x64\Debug\LF_test_vs2015.pdb","신규","238","438272","01d03e0d","미수행","미수행","비대상","미수행","불일치"
"","REPO1","\maven\.hint","신규","1","188","decb064f","미수행","미수행","비대상","미수행","불일치"
"","REPO1","\maven\.idea\compiler.xml","신규","13","541","05e471e6","미수행","미수행","비대상","미수행","불일치"
"","REPO1","\maven\.idea\misc.xml","신규","14","513","0a8e5e17","미수행","미수행","비대상","미수행","불일치"
"","REPO1","\maven\.idea\workspace.xml","신규","68","2690","d67fd4dd","미수행","미수행","비대상","미수행","불일치"
"","REPO1","\maven\.STATICJAVA","신규","28","599","a9d067fa","미수행","미수행","비대상","미수행","불일치"
"","REPO1","\maven\pom.xml","신규","12","422","c15ee08f","미수행","미수행","비대상","미수행","불일치"
"","REPO1","\maven\src\main\java\Main.java","신규","6","126","ca8d5418","미수행","미수행","비대상","미수행","불일치"
"","REPO1","\maven\STATIC_MAVEN_EXAMPLE.iml","신규","2","80","7a2267a4","미수행","미수행","비대상","미수행","불일치"
"","REPO1","\maven\target\classes\Main.class","신규","7","525","9df421aa","미수행","미수행","비대상","미수행","불일치"
"","REPO1","\maven\target\maven-archiver\pom.properties","신규","6","110","8a2d338c","미수행","미수행","비대상","미수행","불일치"
"","REPO1","\maven\target\maven-status\maven-compiler-plugin\compile\default-compile\createdFiles.lst","신규","2","11","01152f01","미수행","미수행","비대상","미수행","불일치"
"","REPO1","\maven\target\maven-status\maven-compiler-plugin\compile\default-compile\inputFiles.lst","신규","2","43","f5b2e780","미수행","미수행","비대상","미수행","불일치"
"","REPO1","\maven\target\maven-status\maven-compiler-plugin\testCompile\default-testCompile\inputFiles.lst","신규","1","0","00000000","미수행","미수행","비대상","미수행","불일치"
"","REPO1","\maven\target\STATIC_MAVEN-1.0-SNAPSHOT.jar","신규","22","1829","3560a144","미수행","미수행","비대상","미수행","불일치"
"","REPO1","\miro_2010\.STATICFILE","신규","79","2242","e8738f50","미수행","미수행","비대상","미수행","불일치"
"","REPO1","\miro_2010\.vs\miro\v14\.suo","신규","15","38400","2f62ba65","미수행","미수행","비대상","미수행","불일치"
"","REPO1","\miro_2010\.vs\miro\v15\.suo","신규","18","27136","273ffa99","미수행","미수행","비대상","미수행","불일치"
"","REPO1","\miro_2010\ci.ini","신규","143","4465","35903427","미수행","미수행","비대상","미수행","불일치"
"","REPO1","\miro_2010\Debug\cl.command.1.tlog","신규","9","2754","15d61d30","미수행","미수행","비대상","미수행","불일치"
"","REPO1","\miro_2010\Debug\CL.read.1.tlog","신규","49","6854","290c6f49","미수행","미수행","비대상","미수행","불일치"
"","REPO1","\miro_2010\Debug\CL.write.1.tlog","신규","16","2078","83c5cd27","미수행","미수행","비대상","미수행","불일치"
"","REPO1","\miro_2010\Debug\link-cvtres.read.1.tlog","신규","1","2","88f83096","미수행","미수행","비대상","미수행","불일치"
"","REPO1","\miro_2010\Debug\link-cvtres.write.1.tlog","신규","1","2","88f83096","미수행","미수행","비대상","미수행","불일치"
"","REPO1","\miro_2010\Debug\link.24508-cvtres.read.1.tlog","신규","1","2","88f83096","미수행","미수행","비대상","미수행","불일치"
"","REPO1","\miro_2010\Debug\link.24508-cvtres.write.1.tlog","신규","1","2","88f83096","미수행","미수행","비대상","미수행","불일치"
"","REPO1","\miro_2010\Debug\link.24508.read.1.tlog","신규","1","2","88f83096","미수행","미수행","비대상","미수행","불일치"
"","REPO1","\miro_2010\Debug\link.24508.write.1.tlog","신규","1","2","88f83096","미수행","미수행","비대상","미수행","불일치"
"","REPO1","\miro_2010\Debug\link.command.1.tlog","신규","7","1884","960d4605","미수행","미수행","비대상","미수행","불일치"
"","REPO1","\miro_2010\Debug\link.read.1.tlog","신규","37","5132","e5808352","미수행","미수행","비대상","미수행","불일치"
"","REPO1","\miro_2010\Debug\link.write.1.tlog","신규","11","1836","78195dbf","미수행","미수행","비대상","미수행","불일치"
"","REPO1","\miro_2010\Debug\miro.Build.CppClean.log","신규","44","2779","bf488b68","미수행","미수행","비대상","미수행","불일치"
"","REPO1","\miro_2010\Debug\miro.exe","신규","51","36352","7c62bc69","미수행","미수행","비대상","미수행","불일치"
"","REPO1","\miro_2010\Debug\miro.exe.embed.manifest","신규","10","397","a6842ab2","미수행","미수행","비대상","미수행","불일치"
"","REPO1","\miro_2010\Debug\miro.exe.embed.manifest.res","신규","10","472","e2cb915a","미수행","미수행","비대상","미수행","불일치"
"","REPO1","\miro_2010\Debug\miro.exe.intermediate.manifest","신규","11","371","b2b6b88e","미수행","미수행","비대상","미수행","불일치"
"","REPO1","\miro_2010\Debug\miro.ilk","신규","247","321732","62a55e57","미수행","미수행","비대상","미수행","불일치"
"","REPO1","\miro_2010\Debug\miro.lastbuildstate","신규","3","67","9abbb466","미수행","미수행","비대상","미수행","불일치"
"","REPO1","\miro_2010\Debug\miro.log","신규","21","939","e019ca04","미수행","미수행","비대상","미수행","불일치"
"","REPO1","\miro_2010\Debug\miro.pdb","신규","1270","379904","91501af0","미수행","미수행","비대상","미수행","불일치"
"","REPO1","\miro_2010\Debug\miro.vcxprojResolveAssemblyReference.cache","신규","9","713","5832908b","미수행","미수행","비대상","미수행","불일치"
"","REPO1","\miro_2010\Debug\miro.write.1.tlog","신규","1","0","00000000","미수행","미수행","비대상","미수행","불일치"
"","REPO1","\miro_2010\Debug\miro_fun.obj","신규","66","12149","319fc192","미수행","미수행","비대상","미수행","불일치"
"","REPO1","\miro_2010\Debug\miro_fun2.obj","신규","22","8106","d999407f","미수행","미수행","비대상","미수행","불일치"
"","REPO1","\miro_2010\Debug\miro_manifest.rc","신규","2","204","9dcb442b","미수행","미수행","비대상","미수행","불일치"
"","REPO1","\miro_2010\Debug\mt.command.1.tlog","신규","3","376","57aa34cb","미수행","미수행","비대상","미수행","불일치"
"","REPO1","\miro_2010\Debug\mt.read.1.tlog","신규","7","804","6135fc93","미수행","미수행","비대상","미수행","불일치"
"","REPO1","\miro_2010\Debug\mt.write.1.tlog","신규","5","584","48da3b38","미수행","미수행","비대상","미수행","불일치"
"","REPO1","\miro_2010\Debug\Q_S.obj","신규","24","8421","e6e30091","미수행","미수행","비대상","미수행","불일치"
"","REPO1","\miro_2010\Debug\QS_fun.obj","신규","33","9143","a958b621","미수행","미수행","비대상","미수행","불일치"
"","REPO1","\miro_2010\Debug\rc.command.1.tlog","신규","3","514","c6632956","미수행","미수행","비대상","미수행","불일치"
"","REPO1","\miro_2010\Debug\rc.read.1.tlog","신규","8","922","2feaac65","미수행","미수행","비대상","미수행","불일치"
"","REPO1","\miro_2010\Debug\rc.write.1.tlog","신규","5","564","3be82301","미수행","미수행","비대상","미수행","불일치"
"","REPO1","\miro_2010\Debug\vc100.idb","신규","9","52224","fa23dc85","미수행","미수행","비대상","미수행","불일치"
"","REPO1","\miro_2010\Debug\vc100.pdb","신규","213","61440","c84455ee","미수행","미수행","비대상","미수행","불일치"
"","REPO1","\miro_2010\ipch\miro-dc4d1cea\miro-bed982ad.ipch","신규","5502","2555904","9dabcb29","미수행","미수행","비대상","미수행","불일치"
"","REPO1","\miro_2010\Microsoft_VisualStudio_2010_None_Host_CCPP.sconf","신규","44","1152","0f5ae66c","미수행","미수행","비대상","미수행","불일치"
"","REPO1","\miro_2010\miro.dsp","신규","117","4387","11058040","미수행","미수행","비대상","미수행","불일치"
"","REPO1","\miro_2010\miro.dsw","신규","30","502","6044c991","미수행","미수행","비대상","미수행","불일치"
"","REPO1","\miro_2010\miro.ncb","신규","33","58368","478d6cd3","미수행","미수행","비대상","미수행","불일치"
"","REPO1","\miro_2010\miro.opt","신규","693","49664","9e1b2526","미수행","미수행","비대상","미수행","불일치"
"","REPO1","\miro_2010\miro.plg","신규","28","914","ed39b613","미수행","미수행","비대상","미수행","불일치"
"","REPO1","\miro_2010\miro.sdf","신규","12030","1986560","348ef264","미수행","미수행","비대상","미수행","불일치"
"","REPO1","\miro_2010\miro.sln","신규","21","854","39e00423","미수행","미수행","비대상","미수행","불일치"
"","REPO1","\miro_2010\miro.suo","신규","9","10240","5145442f","미수행","미수행","비대상","미수행","불일치"
"","REPO1","\miro_2010\miro.vcxproj","신규","133","6329","7ebca9f5","미수행","미수행","비대상","미수행","불일치"
"","REPO1","\miro_2010\miro.vcxproj.filters","신규","36","1259","7f4cc60d","미수행","미수행","비대상","미수행","불일치"
"","REPO1","\miro_2010\miro.vcxproj.user","신규","3","141","3d84b7bf","미수행","미수행","비대상","미수행","불일치"
"","REPO1","\miro_2010\miro_fun.c","신규","268","6096","4a7f3626","미수행","미수행","비대상","미수행","불일치"
"","REPO1","\miro_2010\miro_fun2.c","신규","112","2130","eb8a1371","eb8a1371","eb8a1371","비대상","eb8a1371","일치"
"","REPO1","\miro_2010\psionic.ini","신규","126","3353","035f8a4f","미수행","미수행","비대상","미수행","불일치"
"","REPO1","\miro_2010\Q_S.c","신규","203","5026","92d33048","92d33048","92d33048","비대상","92d33048","일치"
"","REPO1","\miro_2010\Q_S.h","신규","66","1715","42dfaddb","42dfaddb","42dfaddb","비대상","미수행","불일치"
"","REPO1","\miro_2010\QS_fun.c","신규","140","2922","b76c7f20","미수행","미수행","비대상","미수행","불일치"
"","REPO1","\miro_2010\static-client.json","신규","9","254","58e122b2","미수행","미수행","비대상","미수행","불일치"
"","REPO1","\miro_2010\와우.txt","신규","3","33","d74b0427","미수행","미수행","비대상","미수행","불일치"
"","REPO1","\miro_vs2015\.spec","신규","6","45","8a4696fe","미수행","미수행","비대상","미수행","불일치"
"","REPO1","\miro_vs2015\.STATICFILE","신규","83","2555","b563942a","미수행","미수행","비대상","미수행","불일치"
"","REPO1","\miro_vs2015\.vs\vs2015_miro\v14\.suo","신규","12","30208","ffb31d30","미수행","미수행","비대상","미수행","불일치"
"","REPO1","\miro_vs2015\.vs\vs2015_miro\v16\.suo","신규","11","26112","5bbf5151","미수행","미수행","비대상","미수행","불일치"
"","REPO1","\miro_vs2015\ci.ini","신규","143","4465","35903427","미수행","미수행","비대상","미수행","불일치"
"","REPO1","\miro_vs2015\Debug\vs2015_miro.Build.CppClean.log","신규","25","1550","8f3b4aed","미수행","미수행","비대상","미수행","불일치"
"","REPO1","\miro_vs2015\Debug\vs2015_miro.log","신규","10","509","84c7910a","미수행","미수행","비대상","미수행","불일치"
"","REPO1","\miro_vs2015\Debug\vs2015_miro.tlog\CL.command.1.tlog","신규","9","2218","93fc470e","미수행","미수행","비대상","미수행","불일치"
"","REPO1","\miro_vs2015\Debug\vs2015_miro.tlog\CL.read.1.tlog","신규","97","14566","055ff02a","미수행","미수행","비대상","미수행","불일치"
"","REPO1","\miro_vs2015\Debug\vs2015_miro.tlog\CL.write.1.tlog","신규","16","1714","cb510976","미수행","미수행","비대상","미수행","불일치"
"","REPO1","\miro_vs2015\Debug\vs2015_miro.tlog\link.command.1.tlog","신규","3","1542","e14b8581","미수행","미수행","비대상","미수행","불일치"
"","REPO1","\miro_vs2015\Debug\vs2015_miro.tlog\link.read.1.tlog","신규","26","3552","50f14223","미수행","미수행","비대상","미수행","불일치"
"","REPO1","\miro_vs2015\Debug\vs2015_miro.tlog\link.write.1.tlog","신규","5","746","cb3b5065","미수행","미수행","비대상","미수행","불일치"
"","REPO1","\miro_vs2015\Debug\vs2015_miro.tlog\vs2015_miro.lastbuildstate","신규","3","197","80854053","미수행","미수행","비대상","미수행","불일치"
"","REPO1","\miro_vs2015\ipch\miro-dc4d1cea\miro-bed982ad.ipch","신규","5502","2555904","9dabcb29","미수행","미수행","비대상","미수행","불일치"
"","REPO1","\miro_vs2015\Microsoft_VisualStudio_2015_None_Host_CCPP.sconf","신규","44","1152","e24ed606","미수행","미수행","비대상","미수행","불일치"
"","REPO1","\miro_vs2015\miro.opt","신규","693","49664","9e1b2526","미수행","미수행","비대상","미수행","불일치"
"","REPO1","\miro_vs2015\miro.plg","신규","28","914","ed39b613","미수행","미수행","비대상","미수행","불일치"
"","REPO1","\miro_vs2015\miro.sdf","신규","12064","1986560","9141172b","미수행","미수행","비대상","미수행","불일치"
"","REPO1","\miro_vs2015\miro.vcxproj.user","신규","3","141","3d84b7bf","미수행","미수행","비대상","미수행","불일치"
"","REPO1","\miro_vs2015\miro_fun.c","신규","270","6100","a1cda928","76848716","76848716","비대상","a1cda928","불일치"
"","REPO1","\miro_vs2015\miro_fun2.c","신규","112","2130","eb8a1371","e4b1e7ee","e4b1e7ee","비대상","미수행","불일치"
"","REPO1","\miro_vs2015\psionic.ini","신규","126","3353","035f8a4f","미수행","미수행","비대상","미수행","불일치"
"","REPO1","\miro_vs2015\Q_S.c","신규","203","5026","92d33048","4b9511cd","4b9511cd","비대상","미수행","불일치"
"","REPO1","\miro_vs2015\Q_S.h","신규","66","1715","42dfaddb","ca4f4382","ca4f4382","비대상","미수행","불일치"
"","REPO1","\miro_vs2015\QS_fun.c","신규","142","2925","3456dcbd","913c2ad4","913c2ad4","비대상","3456dcbd","불일치"
"","REPO1","\miro_vs2015\Release\miro_fun.obj","신규","114","14333","f15bc7cb","미수행","미수행","비대상","미수행","불일치"
"","REPO1","\miro_vs2015\Release\miro_fun2.obj","신규","59","8752","a88f16aa","미수행","미수행","비대상","미수행","불일치"
"","REPO1","\miro_vs2015\Release\Q_S.obj","신규","33","9087","02126e9c","미수행","미수행","비대상","미수행","불일치"
"","REPO1","\miro_vs2015\Release\QS_fun.obj","신규","83","10680","2e600203","미수행","미수행","비대상","미수행","불일치"
"","REPO1","\miro_vs2015\Release\vc140.pdb","신규","453","77824","b12ecffb","미수행","미수행","비대상","미수행","불일치"
"","REPO1","\miro_vs2015\Release\vs2015_miro.Build.CppClean.log","신규","21","1384","86817b74","미수행","미수행","비대상","미수행","불일치"
"","REPO1","\miro_vs2015\Release\vs2015_miro.exe","신규","46","12800","ff38a7f9","미수행","미수행","비대상","미수행","불일치"
"","REPO1","\miro_vs2015\Release\vs2015_miro.log","신규","11","608","79f58592","미수행","미수행","비대상","미수행","불일치"
"","REPO1","\miro_vs2015\Release\vs2015_miro.pdb","신규","663","421888","303e3b81","미수행","미수행","비대상","미수행","불일치"
"","REPO1","\miro_vs2015\Release\vs2015_miro.tlog\CL.command.1.tlog","신규","9","2202","30badcfa","미수행","미수행","비대상","미수행","불일치"
"","REPO1","\miro_vs2015\Release\vs2015_miro.tlog\CL.read.1.tlog","신규","97","14566","c409d945","미수행","미수행","비대상","미수행","불일치"
"","REPO1","\miro_vs2015\Release\vs2015_miro.tlog\CL.write.1.tlog","신규","15","1650","8bef6048","미수행","미수행","비대상","미수행","불일치"
"","REPO1","\miro_vs2015\Release\vs2015_miro.tlog\link.command.1.tlog","신규","3","1640","b6e0e1da","미수행","미수행","비대상","미수행","불일치"
"","REPO1","\miro_vs2015\Release\vs2015_miro.tlog\link.read.1.tlog","신규","27","3730","26ea93df","미수행","미수행","비대상","미수행","불일치"
"","REPO1","\miro_vs2015\Release\vs2015_miro.tlog\link.write.1.tlog","신규","4","658","f5818cee","미수행","미수행","비대상","미수행","불일치"
"","REPO1","\miro_vs2015\Release\vs2015_miro.tlog\vs2015_miro.lastbuildstate","신규","3","199","caf47be0","미수행","미수행","비대상","미수행","불일치"
"","REPO1","\miro_vs2015\static-client.json","신규","9","254","f4e4dc69","미수행","미수행","비대상","미수행","불일치"
"","REPO1","\miro_vs2015\test.c","신규","1","0","00000000","미수행","미수행","비대상","미수행","불일치"
"","REPO1","\miro_vs2015\test.txt","신규","1","0","00000000","미수행","미수행","비대상","미수행","불일치"
"","REPO1","\miro_vs2015\vs2015_miro.sln","신규","29","1275","48fa9f60","미수행","미수행","비대상","미수행","불일치"
"","REPO1","\miro_vs2015\vs2015_miro.suo","신규","26","5120","46e5cc15","미수행","미수행","비대상","미수행","불일치"
"","REPO1","\miro_vs2015\vs2015_miro.vcxproj","신규","111","5473","f64057d0","미수행","미수행","비대상","미수행","불일치"
"","REPO1","\miro_vs2015\vs2015_miro.vcxproj.filters","신규","36","1302","1b76bca5","미수행","미수행","비대상","미수행","불일치"
"","REPO1","\miro_vs2015\vs2015_miro.vcxproj.user","신규","4","162","443999d9","미수행","미수행","비대상","미수행","불일치"
"","REPO1","\miro_vs2015\x64\Debug\miro_fun.obj","신규","45","17414","6abe6fa8","미수행","미수행","비대상","미수행","불일치"
"","REPO1","\miro_vs2015\x64\Debug\miro_fun2.obj","신규","36","12958","431092e7","미수행","미수행","비대상","미수행","불일치"
"","REPO1","\miro_vs2015\x64\Debug\Q_S.obj","신규","36","11607","c9f6ac94","미수행","미수행","비대상","미수행","불일치"
"","REPO1","\miro_vs2015\x64\Debug\QS_fun.obj","신규","55","14699","df5f7a04","미수행","미수행","비대상","미수행","불일치"
"","REPO1","\miro_vs2015\x64\Debug\vc140.idb","신규","69","76800","4280fdda","미수행","미수행","비대상","미수행","불일치"
"","REPO1","\miro_vs2015\x64\Debug\vc140.pdb","신규","254","77824","ab45067f","미수행","미수행","비대상","미수행","불일치"
"","REPO1","\miro_vs2015\x64\Debug\vs2015_miro.Build.CppClean.log","신규","61","5193","e7fa8af5","미수행","미수행","비대상","미수행","불일치"
"","REPO1","\miro_vs2015\x64\Debug\vs2015_miro.exe","신규","84","71168","f54b4d91","미수행","미수행","비대상","미수행","불일치"
"","REPO1","\miro_vs2015\x64\Debug\vs2015_miro.ilk","신규","286","362560","103f764e","미수행","미수행","비대상","미수행","불일치"
"","REPO1","\miro_vs2015\x64\Debug\vs2015_miro.log","신규","8","272","c08c596b","미수행","미수행","비대상","미수행","불일치"
"","REPO1","\miro_vs2015\x64\Debug\vs2015_miro.pdb","신규","263","462848","97ce2c6e","미수행","미수행","비대상","미수행","불일치"
"","REPO1","\miro_vs2015\x64\Debug\vs2015_miro.tlog\CL.command.1.tlog","신규","9","2090","c982f04d","미수행","미수행","비대상","미수행","불일치"
"","REPO1","\miro_vs2015\x64\Debug\vs2015_miro.tlog\CL.read.1.tlog","신규","97","14742","e17d500f","미수행","미수행","비대상","미수행","불일치"
"","REPO1","\miro_vs2015\x64\Debug\vs2015_miro.tlog\CL.write.1.tlog","신규","19","2610","744f7aea","미수행","미수행","비대상","미수행","불일치"
"","REPO1","\miro_vs2015\x64\Debug\vs2015_miro.tlog\link-VCTIP.delete.1.tlog","신규","4","842","63692686","미수행","미수행","비대상","미수행","불일치"
"","REPO1","\miro_vs2015\x64\Debug\vs2015_miro.tlog\link-VCTIP.delete.39.tlog","신규","4","842","4f2cf589","미수행","미수행","비대상","미수행","불일치"
"","REPO1","\miro_vs2015\x64\Debug\vs2015_miro.tlog\link-VCTIP.delete.50.tlog","신규","4","842","53e0509a","미수행","미수행","비대상","미수행","불일치"
"","REPO1","\miro_vs2015\x64\Debug\vs2015_miro.tlog\link-VCTIP.delete.60.tlog","신규","4","842","180dbe05","미수행","미수행","비대상","미수행","불일치"
"","REPO1","\miro_vs2015\x64\Debug\vs2015_miro.tlog\link-VCTIP.delete.69.tlog","신규","4","842","0a8b9f7c","미수행","미수행","비대상","미수행","불일치"
"","REPO1","\miro_vs2015\x64\Debug\vs2015_miro.tlog\link-VCTIP.read.1.tlog","신규","39","6660","f78aa6b6","미수행","미수행","비대상","미수행","불일치"
"","REPO1","\miro_vs2015\x64\Debug\vs2015_miro.tlog\link-VCTIP.read.10.tlog","신규","7","1150","51c96154","미수행","미수행","비대상","미수행","불일치"
"","REPO1","\miro_vs2015\x64\Debug\vs2015_miro.tlog\link-VCTIP.read.12.tlog","신규","7","1150","51c96154","미수행","미수행","비대상","미수행","불일치"
"","REPO1","\miro_vs2015\x64\Debug\vs2015_miro.tlog\link-VCTIP.read.13.tlog","신규","7","1150","51c96154","미수행","미수행","비대상","미수행","불일치"
"","REPO1","\miro_vs2015\x64\Debug\vs2015_miro.tlog\link-VCTIP.read.17.tlog","신규","9","1904","430f2dc8","미수행","미수행","비대상","미수행","불일치"
"","REPO1","\miro_vs2015\x64\Debug\vs2015_miro.tlog\link-VCTIP.read.19.tlog","신규","19","4472","75040329","미수행","미수행","비대상","미수행","불일치"
"","REPO1","\miro_vs2015\x64\Debug\vs2015_miro.tlog\link-VCTIP.read.21.tlog","신규","5","906","a7bfb486","미수행","미수행","비대상","미수행","불일치"
"","REPO1","\miro_vs2015\x64\Debug\vs2015_miro.tlog\link-VCTIP.read.28.tlog","신규","12","2400","680f0459","미수행","미수행","비대상","미수행","불일치"
"","REPO1","\miro_vs2015\x64\Debug\vs2015_miro.tlog\link-VCTIP.read.29.tlog","신규","4","822","fd34b0e8","미수행","미수행","비대상","미수행","불일치"
"","REPO1","\miro_vs2015\x64\Debug\vs2015_miro.tlog\link-VCTIP.read.32.tlog","신규","8","1620","75333992","미수행","미수행","비대상","미수행","불일치"
"","REPO1","\miro_vs2015\x64\Debug\vs2015_miro.tlog\link-VCTIP.read.33.tlog","신규","3","556","42275317","미수행","미수행","비대상","미수행","불일치"
"","REPO1","\miro_vs2015\x64\Debug\vs2015_miro.tlog\link-VCTIP.read.34.tlog","신규","5","964","a92ce5aa","미수행","미수행","비대상","미수행","불일치"
"","REPO1","\miro_vs2015\x64\Debug\vs2015_miro.tlog\link-VCTIP.read.35.tlog","신규","3","556","42275317","미수행","미수행","비대상","미수행","불일치"
"","REPO1","\miro_vs2015\x64\Debug\vs2015_miro.tlog\link-VCTIP.read.39.tlog","신규","3","556","42275317","미수행","미수행","비대상","미수행","불일치"
"","REPO1","\miro_vs2015\x64\Debug\vs2015_miro.tlog\link-VCTIP.read.4.tlog","신규","7","1150","51c96154","미수행","미수행","비대상","미수행","불일치"
"","REPO1","\miro_vs2015\x64\Debug\vs2015_miro.tlog\link-VCTIP.read.50.tlog","신규","3","556","42275317","미수행","미수행","비대상","미수행","불일치"
"","REPO1","\miro_vs2015\x64\Debug\vs2015_miro.tlog\link-VCTIP.read.60.tlog","신규","3","556","42275317","미수행","미수행","비대상","미수행","불일치"
"","REPO1","\miro_vs2015\x64\Debug\vs2015_miro.tlog\link-VCTIP.read.69.tlog","신규","3","556","42275317","미수행","미수행","비대상","미수행","불일치"
"","REPO1","\miro_vs2015\x64\Debug\vs2015_miro.tlog\link-VCTIP.read.7.tlog","신규","7","1150","51c96154","미수행","미수행","비대상","미수행","불일치"
"","REPO1","\miro_vs2015\x64\Debug\vs2015_miro.tlog\link-VCTIP.read.8.tlog","신규","7","1150","51c96154","미수행","미수행","비대상","미수행","불일치"
"","REPO1","\miro_vs2015\x64\Debug\vs2015_miro.tlog\link-VCTIP.read.9.tlog","신규","7","1150","51c96154","미수행","미수행","비대상","미수행","불일치"
"","REPO1","\miro_vs2015\x64\Debug\vs2015_miro.tlog\link-VCTIP.write.1.tlog","신규","7","1302","33537c4b","미수행","미수행","비대상","미수행","불일치"
"","REPO1","\miro_vs2015\x64\Debug\vs2015_miro.tlog\link-VCTIP.write.10.tlog","신규","5","840","4b926ea6","미수행","미수행","비대상","미수행","불일치"
"","REPO1","\miro_vs2015\x64\Debug\vs2015_miro.tlog\link-VCTIP.write.12.tlog","신규","5","838","8c303624","미수행","미수행","비대상","미수행","불일치"
"","REPO1","\miro_vs2015\x64\Debug\vs2015_miro.tlog\link-VCTIP.write.13.tlog","신규","5","840","4b926ea6","미수행","미수행","비대상","미수행","불일치"
"","REPO1","\miro_vs2015\x64\Debug\vs2015_miro.tlog\link-VCTIP.write.32.tlog","신규","3","556","42275317","미수행","미수행","비대상","미수행","불일치"
"","REPO1","\miro_vs2015\x64\Debug\vs2015_miro.tlog\link-VCTIP.write.39.tlog","신규","3","556","42275317","미수행","미수행","비대상","미수행","불일치"
"","REPO1","\miro_vs2015\x64\Debug\vs2015_miro.tlog\link-VCTIP.write.4.tlog","신규","5","840","4b926ea6","미수행","미수행","비대상","미수행","불일치"
"","REPO1","\miro_vs2015\x64\Debug\vs2015_miro.tlog\link-VCTIP.write.50.tlog","신규","3","556","42275317","미수행","미수행","비대상","미수행","불일치"
"","REPO1","\miro_vs2015\x64\Debug\vs2015_miro.tlog\link-VCTIP.write.60.tlog","신규","3","556","42275317","미수행","미수행","비대상","미수행","불일치"
"","REPO1","\miro_vs2015\x64\Debug\vs2015_miro.tlog\link-VCTIP.write.69.tlog","신규","3","556","42275317","미수행","미수행","비대상","미수행","불일치"
"","REPO1","\miro_vs2015\x64\Debug\vs2015_miro.tlog\link-VCTIP.write.7.tlog","신규","5","838","8c303624","미수행","미수행","비대상","미수행","불일치"
"","REPO1","\miro_vs2015\x64\Debug\vs2015_miro.tlog\link-VCTIP.write.8.tlog","신규","5","840","4b926ea6","미수행","미수행","비대상","미수행","불일치"
"","REPO1","\miro_vs2015\x64\Debug\vs2015_miro.tlog\link-VCTIP.write.9.tlog","신규","5","838","8c303624","미수행","미수행","비대상","미수행","불일치"
"","REPO1","\miro_vs2015\x64\Debug\vs2015_miro.tlog\link.command.1.tlog","신규","3","1764","1135efd0","미수행","미수행","비대상","미수행","불일치"
"","REPO1","\miro_vs2015\x64\Debug\vs2015_miro.tlog\link.read.1.tlog","신규","34","4860","b9c64d80","미수행","미수행","비대상","미수행","불일치"
"","REPO1","\miro_vs2015\x64\Debug\vs2015_miro.tlog\link.write.1.tlog","신규","8","1382","b2473d88","미수행","미수행","비대상","미수행","불일치"
"","REPO1","\miro_vs2015\x64\Debug\vs2015_miro.tlog\vs2015_miro.lastbuildstate","신규","3","206","5440375b","미수행","미수행","비대상","미수행","불일치"
"","REPO1","\miro_vs2015\x64\Release\miro_fun.obj","신규","95","13750","0d39a6f8","미수행","미수행","비대상","미수행","불일치"
"","REPO1","\miro_vs2015\x64\Release\miro_fun2.obj","신규","64","8689","a2905ad0","미수행","미수행","비대상","미수행","불일치"
"","REPO1","\miro_vs2015\x64\Release\Q_S.obj","신규","34","9244","a319c286","미수행","미수행","비대상","미수행","불일치"
"","REPO1","\miro_vs2015\x64\Release\QS_fun.obj","신규","85","11805","e6a6ecd3","미수행","미수행","비대상","미수행","불일치"
"","REPO1","\miro_vs2015\x64\Release\vc140.pdb","신규","252","77824","fbe06581","미수행","미수행","비대상","미수행","불일치"
"","REPO1","\miro_vs2015\x64\Release\vs2015_miro.exe","신규","61","41984","31d61565","미수행","미수행","비대상","미수행","불일치"
"","REPO1","\miro_vs2015\x64\Release\vs2015_miro.ilk","신규","189","269084","81fa8ccb","미수행","미수행","비대상","미수행","불일치"
"","REPO1","\miro_vs2015\x64\Release\vs2015_miro.log","신규","8","273","899fa56a","미수행","미수행","비대상","미수행","불일치"
"","REPO1","\miro_vs2015\x64\Release\vs2015_miro.pdb","신규","569","430080","7809cd23","미수행","미수행","비대상","미수행","불일치"
"","REPO1","\miro_vs2015\x64\Release\vs2015_miro.tlog\CL.command.1.tlog","신규","9","1898","8b376d72","미수행","미수행","비대상","미수행","불일치"
"","REPO1","\miro_vs2015\x64\Release\vs2015_miro.tlog\CL.read.1.tlog","신규","97","14566","c409d945","미수행","미수행","비대상","미수행","불일치"
"","REPO1","\miro_vs2015\x64\Release\vs2015_miro.tlog\CL.write.1.tlog","신규","15","1722","9b8f20ac","미수행","미수행","비대상","미수행","불일치"
"","REPO1","\miro_vs2015\x64\Release\vs2015_miro.tlog\link.command.1.tlog","신규","3","1610","9089aef0","미수행","미수행","비대상","미수행","불일치"
"","REPO1","\miro_vs2015\x64\Release\vs2015_miro.tlog\link.read.1.tlog","신규","27","3824","12a79253","미수행","미수행","비대상","미수행","불일치"
"","REPO1","\miro_vs2015\x64\Release\vs2015_miro.tlog\link.write.1.tlog","신규","5","830","e5bced16","미수행","미수행","비대상","미수행","불일치"
"","REPO1","\miro_vs2015\x64\Release\vs2015_miro.tlog\vs2015_miro.lastbuildstate","신규","3","197","720f3156","미수행","미수행","비대상","미수행","불일치"
"","REPO1","\Tetris\.hint","신규","1","148","6943fb98","미수행","미수행","비대상","미수행","불일치"
"","REPO1","\Tetris\.vs\Tetris\v14\.suo","신규","40","90624","70a446d6","미수행","미수행","비대상","미수행","불일치"
"","REPO1","\Tetris\.vs\Tetris\v15\.suo","신규","39","107008","dae477f2","미수행","미수행","비대상","미수행","불일치"
"","REPO1","\Tetris\.vs\Tetris\v15\Server\sqlite3\db.lock","신규","1","0","00000000","미수행","미수행","비대상","미수행","불일치"
"","REPO1","\Tetris\.vs\Tetris\v15\Server\sqlite3\storage.ide","신규","1580","667648","e47f5049","미수행","미수행","비대상","미수행","불일치"
"","REPO1","\Tetris\.vs\Tetris\v16\.suo","신규","64","134144","49233f18","미수행","미수행","비대상","미수행","불일치"
"","REPO1","\Tetris\.vs\Tetris\v16\Server\sqlite3\db.lock","신규","1","0","00000000","미수행","미수행","비대상","미수행","불일치"
"","REPO1","\Tetris\.vs\Tetris\v16\Server\sqlite3\storage.ide","신규","1442","634880","6f7334a6","미수행","미수행","비대상","미수행","불일치"
"","REPO1","\Tetris\test.bat","신규","6","167","914343db","미수행","미수행","비대상","미수행","불일치"
"","REPO1","\Tetris\Tetris.ConsoleUI\.cs_wrapper\03862c2f-b6a1-4bf4-8a42-6324db0785fb.cmd","신규","6","289","0fccba24","미수행","미수행","비대상","미수행","불일치"
"","REPO1","\Tetris\Tetris.ConsoleUI\.editorconfig","신규","387","16471","ed937674","미수행","미수행","비대상","미수행","불일치"
"","REPO1","\Tetris\Tetris.ConsoleUI\10988_csc.cslog","신규","10","263","840cae46","미수행","미수행","비대상","미수행","불일치"
"","REPO1","\Tetris\Tetris.ConsoleUI\19976_csc.cslog","신규","10","263","840cae46","미수행","미수행","비대상","미수행","불일치"
"","REPO1","\Tetris\Tetris.ConsoleUI\20268_csc.cslog","신규","8","205","36a8c5e5","미수행","미수행","비대상","미수행","불일치"
"","REPO1","\Tetris\Tetris.ConsoleUI\26908_3F2BD1B471A5107F8B5D830F82F1909C.cscvd","신규","1","849","06377450","미수행","미수행","비대상","미수행","불일치"
"","REPO1","\Tetris\Tetris.ConsoleUI\26908_450FBA6FEC961373FE54E6DC52169AB8.cscvd","신규","1","281","20d54f9c","미수행","미수행","비대상","미수행","불일치"
"","REPO1","\Tetris\Tetris.ConsoleUI\26908_75DE7C282E8701D35CECFF1685C6BA95.cscvd","신규","1","1226","cbfa9217","미수행","미수행","비대상","미수행","불일치"
"","REPO1","\Tetris\Tetris.ConsoleUI\26908_7C0300EDBD2CD51936288C47854BD548.cscvd","신규","1","1095","56dd3ece","미수행","미수행","비대상","미수행","불일치"
"","REPO1","\Tetris\Tetris.ConsoleUI\26908_AF57E22C37693E1021FD2EA56E577A06.cscvd","신규","2","1455","293426da","미수행","미수행","비대상","미수행","불일치"
"","REPO1","\Tetris\Tetris.ConsoleUI\26908_CB58CFBB3A785ABAA1C985408B5E9E27.cscvd","신규","2","3769","2653f796","미수행","미수행","비대상","미수행","불일치"
"","REPO1","\Tetris\Tetris.ConsoleUI\26908_csc.cslog","신규","24","2195","287c2ad6","미수행","미수행","비대상","미수행","불일치"
"","REPO1","\Tetris\Tetris.ConsoleUI\31476_csc.cslog","신규","8","205","36a8c5e5","미수행","미수행","비대상","미수행","불일치"
"","REPO1","\Tetris\Tetris.ConsoleUI\32496_3F2BD1B471A5107F8B5D830F82F1909C.cscvd","신규","1","849","06377450","미수행","미수행","비대상","미수행","불일치"
"","REPO1","\Tetris\Tetris.ConsoleUI\32496_450FBA6FEC961373FE54E6DC52169AB8.cscvd","신규","1","281","20d54f9c","미수행","미수행","비대상","미수행","불일치"
"","REPO1","\Tetris\Tetris.ConsoleUI\32496_75DE7C282E8701D35CECFF1685C6BA95.cscvd","신규","1","1226","cbfa9217","미수행","미수행","비대상","미수행","불일치"
"","REPO1","\Tetris\Tetris.ConsoleUI\32496_7C0300EDBD2CD51936288C47854BD548.cscvd","신규","1","1095","56dd3ece","미수행","미수행","비대상","미수행","불일치"
"","REPO1","\Tetris\Tetris.ConsoleUI\32496_AF57E22C37693E1021FD2EA56E577A06.cscvd","신규","2","1455","f5191e9a","미수행","미수행","비대상","미수행","불일치"
"","REPO1","\Tetris\Tetris.ConsoleUI\32496_CB58CFBB3A785ABAA1C985408B5E9E27.cscvd","신규","2","3769","67846077","미수행","미수행","비대상","미수행","불일치"
"","REPO1","\Tetris\Tetris.ConsoleUI\32496_csc.cslog","신규","24","2195","287c2ad6","미수행","미수행","비대상","미수행","불일치"
"","REPO1","\Tetris\Tetris.ConsoleUI\App.config","신규","6","182","bcdf6740","미수행","미수행","비대상","미수행","불일치"
"","REPO1","\Tetris\Tetris.ConsoleUI\bin\Debug\31512_Tetris.cslog","신규","25","1591","6a4dbb29","미수행","미수행","비대상","미수행","불일치"
"","REPO1","\Tetris\Tetris.ConsoleUI\bin\Debug\37964_5A616B57F517895D33011685FDEA5369.cscvd","신규","1","240","55d56ef0","미수행","미수행","비대상","미수행","불일치"
"","REPO1","\Tetris\Tetris.ConsoleUI\bin\Debug\37964_AA7F96FB14E8669650C573D4C3C88107.cscvd","신규","1","146","b874f3de","미수행","미수행","비대상","미수행","불일치"
"","REPO1","\Tetris\Tetris.ConsoleUI\bin\Debug\41876_Tetris.ConsoleUI.cslog","신규","17","440","fb5592f1","미수행","미수행","비대상","미수행","불일치"
"","REPO1","\Tetris\Tetris.ConsoleUI\bin\Debug\CoverCSharpLibrary.dll","신규","415","21504","536da584","미수행","미수행","비대상","미수행","불일치"
"","REPO1","\Tetris\Tetris.ConsoleUI\bin\Debug\CoverCSharpLibrary.pdb","신규","169","77312","ccc6d168","미수행","미수행","비대상","미수행","불일치"
"","REPO1","\Tetris\Tetris.ConsoleUI\bin\Debug\CoverCSharpLibrary.xml","신규","15","306","0cac5805","미수행","미수행","비대상","미수행","불일치"
"","REPO1","\Tetris\Tetris.ConsoleUI\bin\Debug\Tetris.ConsoleUI.exe","신규","206","11776","0391c3ae","미수행","미수행","비대상","미수행","불일치"
"","REPO1","\Tetris\Tetris.ConsoleUI\bin\Debug\Tetris.ConsoleUI.pdb","신규","49","22016","525d6c93","미수행","미수행","비대상","미수행","불일치"
"","REPO1","\Tetris\Tetris.ConsoleUI\bin\Debug\Tetris.ConsoleUI.vshost.exe","신규","169","22696","6691b8d2","미수행","미수행","비대상","미수행","불일치"
"","REPO1","\Tetris\Tetris.ConsoleUI\bin\Debug\Tetris.ConsoleUI.vshost.exe.config","신규","6","182","bcdf6740","미수행","미수행","비대상","미수행","불일치"
"","REPO1","\Tetris\Tetris.ConsoleUI\bin\Debug\Tetris.ConsoleUI.vshost.exe.manifest","신규","12","479","b2c553d3","미수행","미수행","비대상","미수행","불일치"
"","REPO1","\Tetris\Tetris.ConsoleUI\bin\Debug\Tetris.GameEngine.dll","신규","155","14848","acd751fd","미수행","미수행","비대상","미수행","불일치"
"","REPO1","\Tetris\Tetris.ConsoleUI\bin\Debug\Tetris.GameEngine.pdb","신규","118","40448","66d79a0a","미수행","미수행","비대상","미수행","불일치"
"","REPO1","\Tetris\Tetris.ConsoleUI\ConsoleDrawing.cs","신규","188","5734","1d72f287","미수행","미수행","비대상","미수행","불일치"
"","REPO1","\Tetris\Tetris.ConsoleUI\Interfaces\IDrawing.cs","신규","15","257","6eece7db","미수행","미수행","비대상","미수행","불일치"
"","REPO1","\Tetris\Tetris.ConsoleUI\obj\Debug\.NETFramework,Version=v4.5.AssemblyAttributes.cs","신규","5","206","c4446e45","미수행","미수행","비대상","미수행","불일치"
"","REPO1","\Tetris\Tetris.ConsoleUI\obj\Debug\DesignTimeResolveAssemblyReferences.cache","신규","9","711","d53c7294","미수행","미수행","비대상","미수행","불일치"
"","REPO1","\Tetris\Tetris.ConsoleUI\obj\Debug\DesignTimeResolveAssemblyReferencesInput.cache","신규","7","6760","605c3f4c","미수행","미수행","비대상","미수행","불일치"
"","REPO1","\Tetris\Tetris.ConsoleUI\obj\Debug\TemporaryGeneratedFile_036C0B5B-1481-4323-8D20-8F5ADCB23D92.cs","신규","1","0","00000000","미수행","미수행","비대상","미수행","불일치"
"","REPO1","\Tetris\Tetris.ConsoleUI\obj\Debug\TemporaryGeneratedFile_5937a670-0e60-4077-877b-f7221da3dda1.cs","신규","1","0","00000000","미수행","미수행","비대상","미수행","불일치"
"","REPO1","\Tetris\Tetris.ConsoleUI\obj\Debug\TemporaryGeneratedFile_E7A71F73-0F8D-4B9B-B56E-8E70B10BC5D3.cs","신규","1","0","00000000","미수행","미수행","비대상","미수행","불일치"
"","REPO1","\Tetris\Tetris.ConsoleUI\obj\Debug\Tetris.ConsoleUI.csproj.AssemblyReference.cache","신규","24","4955","2f8dcc10","미수행","미수행","비대상","미수행","불일치"
"","REPO1","\Tetris\Tetris.ConsoleUI\obj\Debug\Tetris.ConsoleUI.csproj.CopyComplete","신규","1","0","00000000","미수행","미수행","비대상","미수행","불일치"
"","REPO1","\Tetris\Tetris.ConsoleUI\obj\Debug\Tetris.ConsoleUI.csproj.CoreCompileInputs.cache","신규","2","41","ce0c9a93","미수행","미수행","비대상","미수행","불일치"
"","REPO1","\Tetris\Tetris.ConsoleUI\obj\Debug\Tetris.ConsoleUI.csproj.FileListAbsolute.txt","신규","49","4760","0552973a","미수행","미수행","비대상","미수행","불일치"
"","REPO1","\Tetris\Tetris.ConsoleUI\obj\Debug\Tetris.ConsoleUI.csprojAssemblyReference.cache","신규","76","13257","50cb6daf","미수행","미수행","비대상","미수행","불일치"
"","REPO1","\Tetris\Tetris.ConsoleUI\obj\Debug\Tetris.ConsoleUI.csprojResolveAssemblyReference.cache","신규","129","13878","75408c18","미수행","미수행","비대상","미수행","불일치"
"","REPO1","\Tetris\Tetris.ConsoleUI\Program.cs","신규","123","4015","e6cc5e8d","미수행","미수행","비대상","미수행","불일치"
"","REPO1","\Tetris\Tetris.ConsoleUI\Properties\AssemblyInfo.cs","신규","37","1426","31f21c99","미수행","미수행","비대상","미수행","불일치"
"","REPO1","\Tetris\Tetris.ConsoleUI\Tetris.ConsoleUI.csproj","신규","80","3377","2a1f46de","미수행","미수행","비대상","미수행","불일치"
"","REPO1","\Tetris\Tetris.ConsoleUI\Tetris.ConsoleUI.csproj_backup","신규","66","2843","a9bb2a3a","미수행","미수행","비대상","미수행","불일치"
"","REPO1","\Tetris\Tetris.DesktopUI\.cs_wrapper\db498451-f1a2-4e01-b2b4-87d68f85ecfe.cmd","신규","6","289","4d60fdd2","미수행","미수행","비대상","미수행","불일치"
"","REPO1","\Tetris\Tetris.DesktopUI\.editorconfig","신규","387","16471","ed937674","미수행","미수행","비대상","미수행","불일치"
"","REPO1","\Tetris\Tetris.DesktopUI\10500_csc.cslog","신규","10","263","840cae46","미수행","미수행","비대상","미수행","불일치"
"","REPO1","\Tetris\Tetris.DesktopUI\21508_csc.cslog","신규","10","263","81ee63c0","미수행","미수행","비대상","미수행","불일치"
"","REPO1","\Tetris\Tetris.DesktopUI\22796_3F2BD1B471A5107F8B5D830F82F1909C.cscvd","신규","1","849","d464c66b","미수행","미수행","비대상","미수행","불일치"
"","REPO1","\Tetris\Tetris.DesktopUI\22796_450FBA6FEC961373FE54E6DC52169AB8.cscvd","신규","1","281","20d54f9c","미수행","미수행","비대상","미수행","불일치"
"","REPO1","\Tetris\Tetris.DesktopUI\22796_75DE7C282E8701D35CECFF1685C6BA95.cscvd","신규","1","1226","cbfa9217","미수행","미수행","비대상","미수행","불일치"
"","REPO1","\Tetris\Tetris.DesktopUI\22796_7C0300EDBD2CD51936288C47854BD548.cscvd","신규","1","1095","56dd3ece","미수행","미수행","비대상","미수행","불일치"
"","REPO1","\Tetris\Tetris.DesktopUI\22796_AF57E22C37693E1021FD2EA56E577A06.cscvd","신규","2","1455","293426da","미수행","미수행","비대상","미수행","불일치"
"","REPO1","\Tetris\Tetris.DesktopUI\22796_CB58CFBB3A785ABAA1C985408B5E9E27.cscvd","신규","2","3769","2653f796","미수행","미수행","비대상","미수행","불일치"
"","REPO1","\Tetris\Tetris.DesktopUI\22796_csc.cslog","신규","24","1945","beeb3f5c","미수행","미수행","비대상","미수행","불일치"
"","REPO1","\Tetris\Tetris.DesktopUI\27528_3F2BD1B471A5107F8B5D830F82F1909C.cscvd","신규","1","849","d464c66b","미수행","미수행","비대상","미수행","불일치"
"","REPO1","\Tetris\Tetris.DesktopUI\27528_450FBA6FEC961373FE54E6DC52169AB8.cscvd","신규","1","281","20d54f9c","미수행","미수행","비대상","미수행","불일치"
"","REPO1","\Tetris\Tetris.DesktopUI\27528_75DE7C282E8701D35CECFF1685C6BA95.cscvd","신규","1","1226","cbfa9217","미수행","미수행","비대상","미수행","불일치"
"","REPO1","\Tetris\Tetris.DesktopUI\27528_7C0300EDBD2CD51936288C47854BD548.cscvd","신규","1","1095","f870a47c","미수행","미수행","비대상","미수행","불일치"
"","REPO1","\Tetris\Tetris.DesktopUI\27528_AF57E22C37693E1021FD2EA56E577A06.cscvd","신규","2","1455","293426da","미수행","미수행","비대상","미수행","불일치"
"","REPO1","\Tetris\Tetris.DesktopUI\27528_CB58CFBB3A785ABAA1C985408B5E9E27.cscvd","신규","2","3769","2653f796","미수행","미수행","비대상","미수행","불일치"
"","REPO1","\Tetris\Tetris.DesktopUI\27528_csc.cslog","신규","24","2195","287c2ad6","미수행","미수행","비대상","미수행","불일치"
"","REPO1","\Tetris\Tetris.DesktopUI\27652_csc.cslog","신규","10","263","81ee63c0","미수행","미수행","비대상","미수행","불일치"
"","REPO1","\Tetris\Tetris.DesktopUI\29304_csc.cslog","신규","10","263","840cae46","미수행","미수행","비대상","미수행","불일치"
"","REPO1","\Tetris\Tetris.DesktopUI\30648_csc.cslog","신규","10","263","81ee63c0","미수행","미수행","비대상","미수행","불일치"
"","REPO1","\Tetris\Tetris.DesktopUI\31944_3F2BD1B471A5107F8B5D830F82F1909C.cscvd","신규","1","849","d464c66b","미수행","미수행","비대상","미수행","불일치"
"","REPO1","\Tetris\Tetris.DesktopUI\31944_450FBA6FEC961373FE54E6DC52169AB8.cscvd","신규","1","281","20d54f9c","미수행","미수행","비대상","미수행","불일치"
"","REPO1","\Tetris\Tetris.DesktopUI\31944_75DE7C282E8701D35CECFF1685C6BA95.cscvd","신규","1","1226","cbfa9217","미수행","미수행","비대상","미수행","불일치"
"","REPO1","\Tetris\Tetris.DesktopUI\31944_7C0300EDBD2CD51936288C47854BD548.cscvd","신규","1","1095","56dd3ece","미수행","미수행","비대상","미수행","불일치"
"","REPO1","\Tetris\Tetris.DesktopUI\31944_AF57E22C37693E1021FD2EA56E577A06.cscvd","신규","2","1455","f5191e9a","미수행","미수행","비대상","미수행","불일치"
"","REPO1","\Tetris\Tetris.DesktopUI\31944_CB58CFBB3A785ABAA1C985408B5E9E27.cscvd","신규","2","3769","67846077","미수행","미수행","비대상","미수행","불일치"
"","REPO1","\Tetris\Tetris.DesktopUI\31944_csc.cslog","신규","24","1945","beeb3f5c","미수행","미수행","비대상","미수행","불일치"
"","REPO1","\Tetris\Tetris.DesktopUI\35072_csc.cslog","신규","10","263","840cae46","미수행","미수행","비대상","미수행","불일치"
"","REPO1","\Tetris\Tetris.DesktopUI\72636_csc.cslog","신규","8","205","36a8c5e5","미수행","미수행","비대상","미수행","불일치"
"","REPO1","\Tetris\Tetris.DesktopUI\74792_csc.cslog","신규","11","302","633ec046","미수행","미수행","비대상","미수행","불일치"
"","REPO1","\Tetris\Tetris.DesktopUI\App.config","신규","6","182","bcdf6740","미수행","미수행","비대상","미수행","불일치"
"","REPO1","\Tetris\Tetris.DesktopUI\bin\Debug\CoverCSharpLibrary.dll","신규","415","21504","536da584","미수행","미수행","비대상","미수행","불일치"
"","REPO1","\Tetris\Tetris.DesktopUI\bin\Debug\CoverCSharpLibrary.pdb","신규","169","77312","ccc6d168","미수행","미수행","비대상","미수행","불일치"
"","REPO1","\Tetris\Tetris.DesktopUI\bin\Debug\CoverCSharpLibrary.xml","신규","15","306","0cac5805","미수행","미수행","비대상","미수행","불일치"
"","REPO1","\Tetris\Tetris.DesktopUI\bin\Debug\Tetris.DesktopUI.exe","신규","53","8704","d173f562","미수행","미수행","비대상","미수행","불일치"
"","REPO1","\Tetris\Tetris.DesktopUI\bin\Debug\Tetris.DesktopUI.exe.config","신규","6","182","bcdf6740","미수행","미수행","비대상","미수행","불일치"
"","REPO1","\Tetris\Tetris.DesktopUI\bin\Debug\Tetris.DesktopUI.pdb","신규","21","22016","c6c462c4","미수행","미수행","비대상","미수행","불일치"
"","REPO1","\Tetris\Tetris.DesktopUI\Form1.cs","신규","21","377","3975450f","미수행","미수행","비대상","미수행","불일치"
"","REPO1","\Tetris\Tetris.DesktopUI\Form1.Designer.cs","신규","40","1156","9b64cc6f","미수행","미수행","비대상","미수행","불일치"
"","REPO1","\Tetris\Tetris.DesktopUI\obj\Debug\.NETFramework,Version=v4.5.AssemblyAttributes.cs","신규","5","206","c4446e45","미수행","미수행","비대상","미수행","불일치"
"","REPO1","\Tetris\Tetris.DesktopUI\obj\Debug\DesignTimeResolveAssemblyReferencesInput.cache","신규","7","7086","25186e56","미수행","미수행","비대상","미수행","불일치"
"","REPO1","\Tetris\Tetris.DesktopUI\obj\Debug\TemporaryGeneratedFile_036C0B5B-1481-4323-8D20-8F5ADCB23D92.cs","신규","1","0","00000000","미수행","미수행","비대상","미수행","불일치"
"","REPO1","\Tetris\Tetris.DesktopUI\obj\Debug\TemporaryGeneratedFile_5937a670-0e60-4077-877b-f7221da3dda1.cs","신규","1","0","00000000","미수행","미수행","비대상","미수행","불일치"
"","REPO1","\Tetris\Tetris.DesktopUI\obj\Debug\TemporaryGeneratedFile_E7A71F73-0F8D-4B9B-B56E-8E70B10BC5D3.cs","신규","1","0","00000000","미수행","미수행","비대상","미수행","불일치"
"","REPO1","\Tetris\Tetris.DesktopUI\obj\Debug\Tetris.DesktopUI.csproj.AssemblyReference.cache","신규","37","6349","dcfab77a","미수행","미수행","비대상","미수행","불일치"
"","REPO1","\Tetris\Tetris.DesktopUI\obj\Debug\Tetris.DesktopUI.csproj.CoreCompileInputs.cache","신규","2","41","76474a9b","미수행","미수행","비대상","미수행","불일치"
"","REPO1","\Tetris\Tetris.DesktopUI\obj\Debug\Tetris.DesktopUI.csproj.FileListAbsolute.txt","신규","39","4148","deaab8ee","미수행","미수행","비대상","미수행","불일치"
"","REPO1","\Tetris\Tetris.DesktopUI\obj\Debug\Tetris.DesktopUI.csproj.GenerateResource.Cache","신규","9","954","1d706cb1","미수행","미수행","비대상","미수행","불일치"
"","REPO1","\Tetris\Tetris.DesktopUI\obj\Debug\Tetris.DesktopUI.csprojAssemblyReference.cache","신규","392","38791","185607c9","미수행","미수행","비대상","미수행","불일치"
"","REPO1","\Tetris\Tetris.DesktopUI\obj\Debug\Tetris.DesktopUI.csprojResolveAssemblyReference.cache","신규","109","9611","b51ec1d8","미수행","미수행","비대상","미수행","불일치"
"","REPO1","\Tetris\Tetris.DesktopUI\obj\Debug\Tetris.DesktopUI.exe","신규","53","8704","d173f562","미수행","미수행","비대상","미수행","불일치"
"","REPO1","\Tetris\Tetris.DesktopUI\obj\Debug\Tetris.DesktopUI.pdb","신규","21","22016","c6c462c4","미수행","미수행","비대상","미수행","불일치"
"","REPO1","\Tetris\Tetris.DesktopUI\obj\Debug\Tetris.DesktopUI.Properties.Resources.resources","신규","1","180","20435c3e","미수행","미수행","비대상","미수행","불일치"
"","REPO1","\Tetris\Tetris.DesktopUI\Program.cs","신규","25","558","e88602de","미수행","미수행","비대상","미수행","불일치"
"","REPO1","\Tetris\Tetris.DesktopUI\Properties\AssemblyInfo.cs","신규","37","1426","3d184a9f","미수행","미수행","비대상","미수행","불일치"
"","REPO1","\Tetris\Tetris.DesktopUI\Properties\Resources.Designer.cs","신규","72","2791","1524609d","미수행","미수행","비대상","미수행","불일치"
"","REPO1","\Tetris\Tetris.DesktopUI\Properties\Resources.resx","신규","117","5496","167a9b05","미수행","미수행","비대상","미수행","불일치"
"","REPO1","\Tetris\Tetris.DesktopUI\Properties\Settings.Designer.cs","신규","31","1073","cd61979f","미수행","미수행","비대상","미수행","불일치"
"","REPO1","\Tetris\Tetris.DesktopUI\Properties\Settings.settings","신규","8","242","8a39b868","미수행","미수행","비대상","미수행","불일치"
"","REPO1","\Tetris\Tetris.DesktopUI\Tetris.DesktopUI.csproj","신규","99","4145","4e6080d6","미수행","미수행","비대상","미수행","불일치"
"","REPO1","\Tetris\Tetris.DesktopUI\Tetris.DesktopUI.csproj_backup","신규","85","3611","6e611e3a","미수행","미수행","비대상","미수행","불일치"
"","REPO1","\Tetris\Tetris.GameEngine.Test\.cs_wrapper\48ffc29d-77fe-4734-a7b0-c8fb03304056.cmd","신규","6","301","83e2a1c7","미수행","미수행","비대상","미수행","불일치"
"","REPO1","\Tetris\Tetris.GameEngine.Test\.editorconfig","신규","387","16471","ed937674","미수행","미수행","비대상","미수행","불일치"
"","REPO1","\Tetris\Tetris.GameEngine.Test\11160_csc.cslog","신규","10","263","81ee63c0","미수행","미수행","비대상","미수행","불일치"
"","REPO1","\Tetris\Tetris.GameEngine.Test\24212_3F2BD1B471A5107F8B5D830F82F1909C.cscvd","신규","1","849","06f94aa7","미수행","미수행","비대상","미수행","불일치"
"","REPO1","\Tetris\Tetris.GameEngine.Test\24212_450FBA6FEC961373FE54E6DC52169AB8.cscvd","신규","1","281","20d54f9c","미수행","미수행","비대상","미수행","불일치"
"","REPO1","\Tetris\Tetris.GameEngine.Test\24212_75DE7C282E8701D35CECFF1685C6BA95.cscvd","신규","1","1226","ad5ffd83","미수행","미수행","비대상","미수행","불일치"
"","REPO1","\Tetris\Tetris.GameEngine.Test\24212_7C0300EDBD2CD51936288C47854BD548.cscvd","신규","1","1095","f870a47c","미수행","미수행","비대상","미수행","불일치"
"","REPO1","\Tetris\Tetris.GameEngine.Test\24212_AF57E22C37693E1021FD2EA56E577A06.cscvd","신규","2","1455","293426da","미수행","미수행","비대상","미수행","불일치"
"","REPO1","\Tetris\Tetris.GameEngine.Test\24212_CB58CFBB3A785ABAA1C985408B5E9E27.cscvd","신규","2","3769","2653f796","미수행","미수행","비대상","미수행","불일치"
"","REPO1","\Tetris\Tetris.GameEngine.Test\24212_csc.cslog","신규","24","2195","287c2ad6","미수행","미수행","비대상","미수행","불일치"
"","REPO1","\Tetris\Tetris.GameEngine.Test\27392_csc.cslog","신규","8","205","36a8c5e5","미수행","미수행","비대상","미수행","불일치"
"","REPO1","\Tetris\Tetris.GameEngine.Test\30408_3F2BD1B471A5107F8B5D830F82F1909C.cscvd","신규","1","849","06f94aa7","미수행","미수행","비대상","미수행","불일치"
"","REPO1","\Tetris\Tetris.GameEngine.Test\30408_450FBA6FEC961373FE54E6DC52169AB8.cscvd","신규","1","281","20d54f9c","미수행","미수행","비대상","미수행","불일치"
"","REPO1","\Tetris\Tetris.GameEngine.Test\30408_75DE7C282E8701D35CECFF1685C6BA95.cscvd","신규","1","1226","ad5ffd83","미수행","미수행","비대상","미수행","불일치"
"","REPO1","\Tetris\Tetris.GameEngine.Test\30408_7C0300EDBD2CD51936288C47854BD548.cscvd","신규","1","1095","56dd3ece","미수행","미수행","비대상","미수행","불일치"
"","REPO1","\Tetris\Tetris.GameEngine.Test\30408_AF57E22C37693E1021FD2EA56E577A06.cscvd","신규","2","1455","293426da","미수행","미수행","비대상","미수행","불일치"
"","REPO1","\Tetris\Tetris.GameEngine.Test\30408_CB58CFBB3A785ABAA1C985408B5E9E27.cscvd","신규","2","3769","2653f796","미수행","미수행","비대상","미수행","불일치"
"","REPO1","\Tetris\Tetris.GameEngine.Test\30408_csc.cslog","신규","24","2195","287c2ad6","미수행","미수행","비대상","미수행","불일치"
"","REPO1","\Tetris\Tetris.GameEngine.Test\30696_3F2BD1B471A5107F8B5D830F82F1909C.cscvd","신규","1","849","06f94aa7","미수행","미수행","비대상","미수행","불일치"
"","REPO1","\Tetris\Tetris.GameEngine.Test\30696_450FBA6FEC961373FE54E6DC52169AB8.cscvd","신규","1","281","20d54f9c","미수행","미수행","비대상","미수행","불일치"
"","REPO1","\Tetris\Tetris.GameEngine.Test\30696_75DE7C282E8701D35CECFF1685C6BA95.cscvd","신규","1","1226","ad5ffd83","미수행","미수행","비대상","미수행","불일치"
"","REPO1","\Tetris\Tetris.GameEngine.Test\30696_7C0300EDBD2CD51936288C47854BD548.cscvd","신규","1","1095","56dd3ece","미수행","미수행","비대상","미수행","불일치"
"","REPO1","\Tetris\Tetris.GameEngine.Test\30696_AF57E22C37693E1021FD2EA56E577A06.cscvd","신규","2","1455","f5191e9a","미수행","미수행","비대상","미수행","불일치"
"","REPO1","\Tetris\Tetris.GameEngine.Test\30696_CB58CFBB3A785ABAA1C985408B5E9E27.cscvd","신규","2","3769","67846077","미수행","미수행","비대상","미수행","불일치"
"","REPO1","\Tetris\Tetris.GameEngine.Test\30696_csc.cslog","신규","24","2195","287c2ad6","미수행","미수행","비대상","미수행","불일치"
"","REPO1","\Tetris\Tetris.GameEngine.Test\31756_csc.cslog","신규","10","263","81ee63c0","미수행","미수행","비대상","미수행","불일치"
"","REPO1","\Tetris\Tetris.GameEngine.Test\32672_csc.cslog","신규","8","205","36a8c5e5","미수행","미수행","비대상","미수행","불일치"
"","REPO1","\Tetris\Tetris.GameEngine.Test\3588_csc.cslog","신규","8","205","36a8c5e5","미수행","미수행","비대상","미수행","불일치"
"","REPO1","\Tetris\Tetris.GameEngine.Test\54732_csc.cslog","신규","10","263","840cae46","미수행","미수행","비대상","미수행","불일치"
"","REPO1","\Tetris\Tetris.GameEngine.Test\6116_csc.cslog","신규","11","302","633ec046","미수행","미수행","비대상","미수행","불일치"
"","REPO1","\Tetris\Tetris.GameEngine.Test\7488_csc.cslog","신규","8","205","36a8c5e5","미수행","미수행","비대상","미수행","불일치"
"","REPO1","\Tetris\Tetris.GameEngine.Test\bin\Debug\CoverCSharpLibrary.dll","신규","415","21504","536da584","미수행","미수행","비대상","미수행","불일치"
"","REPO1","\Tetris\Tetris.GameEngine.Test\bin\Debug\CoverCSharpLibrary.pdb","신규","169","77312","ccc6d168","미수행","미수행","비대상","미수행","불일치"
"","REPO1","\Tetris\Tetris.GameEngine.Test\bin\Debug\CoverCSharpLibrary.xml","신규","15","306","0cac5805","미수행","미수행","비대상","미수행","불일치"
"","REPO1","\Tetris\Tetris.GameEngine.Test\bin\Debug\ko\Microsoft.VisualStudio.QualityTools.UnitTestFramework.resources.dll","신규","230","35816","2064f4ff","미수행","미수행","비대상","미수행","불일치"
"","REPO1","\Tetris\Tetris.GameEngine.Test\bin\Debug\Microsoft.VisualStudio.QualityTools.UnitTestFramework.dll","신규","1374","98448","d178a3bb","미수행","미수행","비대상","미수행","불일치"
"","REPO1","\Tetris\Tetris.GameEngine.Test\bin\Debug\Tetris.GameEngine.dll","신규","155","14848","acd751fd","미수행","미수행","비대상","미수행","불일치"
"","REPO1","\Tetris\Tetris.GameEngine.Test\bin\Debug\Tetris.GameEngine.pdb","신규","118","40448","66d79a0a","미수행","미수행","비대상","미수행","불일치"
"","REPO1","\Tetris\Tetris.GameEngine.Test\bin\Debug\Tetris.GameEngine.Test.dll","신규","430","14848","4b2ffb5d","미수행","미수행","비대상","미수행","불일치"
"","REPO1","\Tetris\Tetris.GameEngine.Test\bin\Debug\Tetris.GameEngine.Test.pdb","신규","219","42496","6d2c317e","미수행","미수행","비대상","미수행","불일치"
"","REPO1","\Tetris\Tetris.GameEngine.Test\BoardTest.cs","신규","229","6895","00b0ea84","미수행","미수행","비대상","미수행","불일치"
"","REPO1","\Tetris\Tetris.GameEngine.Test\GameTest.cs","신규","202","5567","ac3c1a91","미수행","미수행","비대상","미수행","불일치"
"","REPO1","\Tetris\Tetris.GameEngine.Test\obj\Debug\.NETFramework,Version=v4.5.AssemblyAttributes.cs","신규","5","206","c4446e45","미수행","미수행","비대상","미수행","불일치"
"","REPO1","\Tetris\Tetris.GameEngine.Test\obj\Debug\DesignTimeResolveAssemblyReferencesInput.cache","신규","7","6413","ee360ef4","미수행","미수행","비대상","미수행","불일치"
"","REPO1","\Tetris\Tetris.GameEngine.Test\obj\Debug\TemporaryGeneratedFile_036C0B5B-1481-4323-8D20-8F5ADCB23D92.cs","신규","1","0","00000000","미수행","미수행","비대상","미수행","불일치"
"","REPO1","\Tetris\Tetris.GameEngine.Test\obj\Debug\TemporaryGeneratedFile_5937a670-0e60-4077-877b-f7221da3dda1.cs","신규","1","0","00000000","미수행","미수행","비대상","미수행","불일치"
"","REPO1","\Tetris\Tetris.GameEngine.Test\obj\Debug\TemporaryGeneratedFile_E7A71F73-0F8D-4B9B-B56E-8E70B10BC5D3.cs","신규","1","0","00000000","미수행","미수행","비대상","미수행","불일치"
"","REPO1","\Tetris\Tetris.GameEngine.Test\obj\Debug\Tetris.GameEngine.Test.csproj.AssemblyReference.cache","신규","19","3588","1c83e4e3","미수행","미수행","비대상","미수행","불일치"
"","REPO1","\Tetris\Tetris.GameEngine.Test\obj\Debug\Tetris.GameEngine.Test.csproj.CoreCompileInputs.cache","신규","2","41","e852acdd","미수행","미수행","비대상","미수행","불일치"
"","REPO1","\Tetris\Tetris.GameEngine.Test\obj\Debug\Tetris.GameEngine.Test.csproj.FileListAbsolute.txt","신규","40","4692","90802140","미수행","미수행","비대상","미수행","불일치"
"","REPO1","\Tetris\Tetris.GameEngine.Test\obj\Debug\Tetris.GameEngine.Test.csprojAssemblyReference.cache","신규","290","36096","405631ef","미수행","미수행","비대상","미수행","불일치"
"","REPO1","\Tetris\Tetris.GameEngine.Test\obj\Debug\Tetris.GameEngine.Test.csprojResolveAssemblyReference.cache","신규","175","19711","13e5cdb4","미수행","미수행","비대상","미수행","불일치"
"","REPO1","\Tetris\Tetris.GameEngine.Test\obj\Debug\Tetris.GameEngine.Test.dll","신규","430","14848","4b2ffb5d","미수행","미수행","비대상","미수행","불일치"
"","REPO1","\Tetris\Tetris.GameEngine.Test\obj\Debug\Tetris.GameEngine.Test.pdb","신규","219","42496","6d2c317e","미수행","미수행","비대상","미수행","불일치"
"","REPO1","\Tetris\Tetris.GameEngine.Test\PieceFactoryTest.cs","신규","52","1413","26481dc5","미수행","미수행","비대상","미수행","불일치"
"","REPO1","\Tetris\Tetris.GameEngine.Test\PieceTest.cs","신규","116","3523","4a7bc93c","미수행","미수행","비대상","미수행","불일치"
"","REPO1","\Tetris\Tetris.GameEngine.Test\Properties\AssemblyInfo.cs","신규","37","1438","d656f5b2","미수행","미수행","비대상","미수행","불일치"
"","REPO1","\Tetris\Tetris.GameEngine.Test\Tetris.GameEngine.Test.csproj","신규","106","5180","0ff5361c","미수행","미수행","비대상","미수행","불일치"
"","REPO1","\Tetris\Tetris.GameEngine.Test\Tetris.GameEngine.Test.csproj_backup","신규","92","4646","19bb2057","미수행","미수행","비대상","미수행","불일치"
"","REPO1","\Tetris\Tetris.GameEngine\.cs_wrapper\75724ff8-ed2d-4677-b649-a7f4737b8a1e.cmd","신규","6","291","5ed35339","미수행","미수행","비대상","미수행","불일치"
"","REPO1","\Tetris\Tetris.GameEngine\.editorconfig","신규","387","16471","ed937674","미수행","미수행","비대상","미수행","불일치"
"","REPO1","\Tetris\Tetris.GameEngine\10292_3F2BD1B471A5107F8B5D830F82F1909C.cscvd","신규","1","849","304173c4","미수행","미수행","비대상","미수행","불일치"
"","REPO1","\Tetris\Tetris.GameEngine\10292_450FBA6FEC961373FE54E6DC52169AB8.cscvd","신규","1","281","20d54f9c","미수행","미수행","비대상","미수행","불일치"
"","REPO1","\Tetris\Tetris.GameEngine\10292_75DE7C282E8701D35CECFF1685C6BA95.cscvd","신규","1","1226","cbfa9217","미수행","미수행","비대상","미수행","불일치"
"","REPO1","\Tetris\Tetris.GameEngine\10292_7C0300EDBD2CD51936288C47854BD548.cscvd","신규","1","1095","f870a47c","미수행","미수행","비대상","미수행","불일치"
"","REPO1","\Tetris\Tetris.GameEngine\10292_AF57E22C37693E1021FD2EA56E577A06.cscvd","신규","2","1455","293426da","미수행","미수행","비대상","미수행","불일치"
"","REPO1","\Tetris\Tetris.GameEngine\10292_CB58CFBB3A785ABAA1C985408B5E9E27.cscvd","신규","2","3769","2653f796","미수행","미수행","비대상","미수행","불일치"
"","REPO1","\Tetris\Tetris.GameEngine\10292_csc.cslog","신규","24","2195","287c2ad6","미수행","미수행","비대상","미수행","불일치"
"","REPO1","\Tetris\Tetris.GameEngine\12104_csc.cslog","신규","10","263","81ee63c0","미수행","미수행","비대상","미수행","불일치"
"","REPO1","\Tetris\Tetris.GameEngine\1636_csc.cslog","신규","10","263","81ee63c0","미수행","미수행","비대상","미수행","불일치"
"","REPO1","\Tetris\Tetris.GameEngine\26256_csc.cslog","신규","10","263","81ee63c0","미수행","미수행","비대상","미수행","불일치"
"","REPO1","\Tetris\Tetris.GameEngine\26264_csc.cslog","신규","10","263","81ee63c0","미수행","미수행","비대상","미수행","불일치"
"","REPO1","\Tetris\Tetris.GameEngine\27168_csc.cslog","신규","10","263","840cae46","미수행","미수행","비대상","미수행","불일치"
"","REPO1","\Tetris\Tetris.GameEngine\28728_csc.cslog","신규","10","263","840cae46","미수행","미수행","비대상","미수행","불일치"
"","REPO1","\Tetris\Tetris.GameEngine\29172_csc.cslog","신규","11","302","633ec046","미수행","미수행","비대상","미수행","불일치"
"","REPO1","\Tetris\Tetris.GameEngine\29196_3F2BD1B471A5107F8B5D830F82F1909C.cscvd","신규","1","849","304173c4","미수행","미수행","비대상","미수행","불일치"
"","REPO1","\Tetris\Tetris.GameEngine\29196_450FBA6FEC961373FE54E6DC52169AB8.cscvd","신규","1","281","20d54f9c","미수행","미수행","비대상","미수행","불일치"
"","REPO1","\Tetris\Tetris.GameEngine\29196_75DE7C282E8701D35CECFF1685C6BA95.cscvd","신규","1","1226","cbfa9217","미수행","미수행","비대상","미수행","불일치"
"","REPO1","\Tetris\Tetris.GameEngine\29196_7C0300EDBD2CD51936288C47854BD548.cscvd","신규","1","1095","56dd3ece","미수행","미수행","비대상","미수행","불일치"
"","REPO1","\Tetris\Tetris.GameEngine\29196_AF57E22C37693E1021FD2EA56E577A06.cscvd","신규","2","1455","293426da","미수행","미수행","비대상","미수행","불일치"
"","REPO1","\Tetris\Tetris.GameEngine\29196_CB58CFBB3A785ABAA1C985408B5E9E27.cscvd","신규","2","3769","2653f796","미수행","미수행","비대상","미수행","불일치"
"","REPO1","\Tetris\Tetris.GameEngine\29196_csc.cslog","신규","24","2195","287c2ad6","미수행","미수행","비대상","미수행","불일치"
"","REPO1","\Tetris\Tetris.GameEngine\31228_3F2BD1B471A5107F8B5D830F82F1909C.cscvd","신규","1","849","304173c4","미수행","미수행","비대상","미수행","불일치"
"","REPO1","\Tetris\Tetris.GameEngine\31228_450FBA6FEC961373FE54E6DC52169AB8.cscvd","신규","1","281","20d54f9c","미수행","미수행","비대상","미수행","불일치"
"","REPO1","\Tetris\Tetris.GameEngine\31228_75DE7C282E8701D35CECFF1685C6BA95.cscvd","신규","1","1226","cbfa9217","미수행","미수행","비대상","미수행","불일치"
"","REPO1","\Tetris\Tetris.GameEngine\31228_7C0300EDBD2CD51936288C47854BD548.cscvd","신규","1","1095","56dd3ece","미수행","미수행","비대상","미수행","불일치"
"","REPO1","\Tetris\Tetris.GameEngine\31228_AF57E22C37693E1021FD2EA56E577A06.cscvd","신규","2","1455","f5191e9a","미수행","미수행","비대상","미수행","불일치"
"","REPO1","\Tetris\Tetris.GameEngine\31228_CB58CFBB3A785ABAA1C985408B5E9E27.cscvd","신규","2","3769","67846077","미수행","미수행","비대상","미수행","불일치"
"","REPO1","\Tetris\Tetris.GameEngine\31228_csc.cslog","신규","24","2195","287c2ad6","미수행","미수행","비대상","미수행","불일치"
"","REPO1","\Tetris\Tetris.GameEngine\72800_csc.cslog","신규","8","205","36a8c5e5","미수행","미수행","비대상","미수행","불일치"
"","REPO1","\Tetris\Tetris.GameEngine\80588_csc.cslog","신규","8","205","36a8c5e5","미수행","미수행","비대상","미수행","불일치"
"","REPO1","\Tetris\Tetris.GameEngine\bin\Debug\CoverCSharpLibrary.dll","신규","415","21504","536da584","미수행","미수행","비대상","미수행","불일치"
"","REPO1","\Tetris\Tetris.GameEngine\bin\Debug\CoverCSharpLibrary.pdb","신규","169","77312","ccc6d168","미수행","미수행","비대상","미수행","불일치"
"","REPO1","\Tetris\Tetris.GameEngine\bin\Debug\CoverCSharpLibrary.xml","신규","15","306","0cac5805","미수행","미수행","비대상","미수행","불일치"
"","REPO1","\Tetris\Tetris.GameEngine\bin\Debug\Tetris.GameEngine.dll","신규","155","14848","acd751fd","미수행","미수행","비대상","미수행","불일치"
"","REPO1","\Tetris\Tetris.GameEngine\bin\Debug\Tetris.GameEngine.pdb","신규","118","40448","66d79a0a","미수행","미수행","비대상","미수행","불일치"
"","REPO1","\Tetris\Tetris.GameEngine\Board.cs","신규","210","5322","e1ac613d","미수행","미수행","비대상","미수행","불일치"
"","REPO1","\Tetris\Tetris.GameEngine\Game.cs","신규","287","6855","330712d6","미수행","미수행","비대상","미수행","불일치"
"","REPO1","\Tetris\Tetris.GameEngine\Interfaces\IMode.cs","신규","15","286","de5433af","미수행","미수행","비대상","미수행","불일치"
"","REPO1","\Tetris\Tetris.GameEngine\Interfaces\IMovable.cs","신규","14","228","7d3f3d71","미수행","미수행","비대상","미수행","불일치"
"","REPO1","\Tetris\Tetris.GameEngine\obj\Debug\.NETFramework,Version=v4.5.AssemblyAttributes.cs","신규","5","206","c4446e45","미수행","미수행","비대상","미수행","불일치"
"","REPO1","\Tetris\Tetris.GameEngine\obj\Debug\DesignTimeResolveAssemblyReferencesInput.cache","신규","7","6629","7564319a","미수행","미수행","비대상","미수행","불일치"
"","REPO1","\Tetris\Tetris.GameEngine\obj\Debug\TemporaryGeneratedFile_036C0B5B-1481-4323-8D20-8F5ADCB23D92.cs","신규","1","0","00000000","미수행","미수행","비대상","미수행","불일치"
"","REPO1","\Tetris\Tetris.GameEngine\obj\Debug\TemporaryGeneratedFile_5937a670-0e60-4077-877b-f7221da3dda1.cs","신규","1","0","00000000","미수행","미수행","비대상","미수행","불일치"
"","REPO1","\Tetris\Tetris.GameEngine\obj\Debug\TemporaryGeneratedFile_E7A71F73-0F8D-4B9B-B56E-8E70B10BC5D3.cs","신규","1","0","00000000","미수행","미수행","비대상","미수행","불일치"
"","REPO1","\Tetris\Tetris.GameEngine\obj\Debug\Tetris.GameEngine.csproj.AssemblyReference.cache","신규","22","4404","cfa57801","미수행","미수행","비대상","미수행","불일치"
"","REPO1","\Tetris\Tetris.GameEngine\obj\Debug\Tetris.GameEngine.csproj.CoreCompileInputs.cache","신규","2","41","bc8376c2","미수행","미수행","비대상","미수행","불일치"
"","REPO1","\Tetris\Tetris.GameEngine\obj\Debug\Tetris.GameEngine.csproj.FileListAbsolute.txt","신규","36","3616","ed55cf93","미수행","미수행","비대상","미수행","불일치"
"","REPO1","\Tetris\Tetris.GameEngine\obj\Debug\Tetris.GameEngine.csprojAssemblyReference.cache","신규","242","31544","1e31d23b","미수행","미수행","비대상","미수행","불일치"
"","REPO1","\Tetris\Tetris.GameEngine\obj\Debug\Tetris.GameEngine.csprojResolveAssemblyReference.cache","신규","96","9157","d9d4aaab","미수행","미수행","비대상","미수행","불일치"
"","REPO1","\Tetris\Tetris.GameEngine\obj\Debug\Tetris.GameEngine.dll","신규","155","14848","acd751fd","미수행","미수행","비대상","미수행","불일치"
"","REPO1","\Tetris\Tetris.GameEngine\obj\Debug\Tetris.GameEngine.pdb","신규","118","40448","66d79a0a","미수행","미수행","비대상","미수행","불일치"
"","REPO1","\Tetris\Tetris.GameEngine\Piece.cs","신규","131","2723","75ec7407","미수행","미수행","비대상","미수행","불일치"
"","REPO1","\Tetris\Tetris.GameEngine\PieceFactory.cs","신규","105","2378","19fa7423","미수행","미수행","비대상","미수행","불일치"
"","REPO1","\Tetris\Tetris.GameEngine\Properties\AssemblyInfo.cs","신규","37","1428","a7aca4c4","미수행","미수행","비대상","미수행","불일치"
"","REPO1","\Tetris\Tetris.GameEngine\Tetris.GameEngine.csproj","신규","72","3110","13340e72","미수행","미수행","비대상","미수행","불일치"
"","REPO1","\Tetris\Tetris.GameEngine\Tetris.GameEngine.csproj_backup","신규","58","2576","f6d922e2","미수행","미수행","비대상","미수행","불일치"
"","REPO1","\Tetris\Tetris.sln","신규","41","2504","ee71529d","미수행","미수행","비대상","미수행","불일치"
"","REPO1","\Tetris\Tetris.v12.suo","신규","44","77312","16090374","미수행","미수행","비대상","미수행","불일치"
"","REPO1","\Tetris\vpes.xml","신규","22380","1027694","72e34d6d","미수행","미수행","비대상","미수행","불일치"